Stock,Mean,Std,Skewness,Kurtosis,Min,Max
ACB,2.1202,8.4331,0.4274,3.3311,-29.3709,34.1123
BCM,7.5588,12.6641,-0.3504,0.6553,-33.603,43.9808
BID,1.9773,11.1013,0.0904,0.7442,-32.1975,34.1208
BVH,0.9224,10.2246,0.55,1.5145,-32.6048,31.185
CTG,1.4467,10.494,0.1982,1.2509,-33.2067,30.1483
FPT,2.2071,6.8185,0.0573,3.2053,-25.4077,23.599
GAS,1.1023,10.6782,0.2599,0.1295,-27.7039,28.3504
GVR,-5.444,15.7803,1.211,1.972,-31.3133,61.0236
HDB,-1.2602,8.1543,0.2964,3.8516,-35.9695,24.0343
HPG,2.451,11.2269,0.2729,0.2376,-26.1792,32.981
MBB,1.8835,8.9692,-0.0912,2.2365,-33.5762,28.0541
MSN,1.0627,10.6088,1.3831,5.25,-19.2873,53.8477
MWG,1.9461,11.0662,0.0845,4.8257,-44.6966,43.3314
NVL,0.6238,12.6877,-0.547,13.5186,-66.6429,63.2325
PDR,2.4868,12.9203,-1.1062,9.4076,-68.7643,43.617
PLX,8.757,16.1787,0.2088,-1.0556,-26.2837,31.1887
POW,-6.5397,13.162,1.3156,2.6902,-28.0226,48.8097
SAB,3.2296,10.1323,-0.354,0.2001,-24.2248,32.5201
SSI,2.0081,13.8394,1.4887,5.9997,-29.8926,71.946
STB,1.325,11.8867,0.2975,1.2838,-37.069,41.4226
TCB,-3.2561,9.7896,1.0692,2.783,-32.5843,30.9756
TPB,-1.8701,8.904,1.61,3.8399,-19.8574,36.6804
VCB,2.0247,8.4393,0.0512,0.7521,-24.7575,25.2953
VHM,-0.8029,8.0379,0.0656,3.276,-31.5936,24.0964
VIC,1.2681,8.6562,0.1571,1.2672,-22.7011,27.351
VJC,5.3479,11.1571,-0.0479,-0.8169,-20.2625,31.6968
VNM,0.8967,6.989,0.6721,1.0646,-15.4412,23.6427
VPB,2.3954,10.1909,0.0053,3.1815,-37.6814,33.3333
VRE,-1.3343,7.9454,0.4347,3.1785,-32.807,24.187
