date,Rm_pct,year,VGB_1Y_yield_pct,Rm_minus_Rf_pct
2015-12-31,,2015,5.2,
2016-12-31,14.824793188608542,2016,4.8,10.024793188608541
2017-12-31,48.03495420157324,2017,4.6,43.43495420157324
2018-12-31,-9.316833292692838,2018,4.9,-14.216833292692838
2019-12-31,7.669124072870681,2019,4.0,3.669124072870681
2020-12-31,14.868000707603613,2020,2.8,12.068000707603613
2021-12-31,35.72975078587153,2021,2.4,33.32975078587153
2022-12-31,-32.78359185199028,2022,7.0,-39.78359185199028
2023-12-31,9.440069904377957,2023,4.2,5.240069904377957
