date,CPI_yoy_pct,SBV_refinancing_rate_pct,USD_VND_central_rate,VGB_1Y_yield_pct
2015-01-31,0.47,6.5,21458,5.5
2015-02-28,0.85,6.5,21500,5.4
2015-03-31,0.97,6.5,21548,5.2
2015-04-30,1.08,6.5,21580,5.2
2015-05-31,1.1,6.5,21620,5.1
2015-06-30,1.0,6.5,21660,5.1
2015-07-31,0.73,6.5,21700,5.1
2015-08-31,0.56,6.5,21890,5.1
2015-09-30,0.47,6.5,21890,5.1
2015-10-31,0.11,6.5,21890,5.0
2015-11-30,-0.2,6.5,21890,5.0
2015-12-31,-0.6,6.5,22160,5.0
2016-01-31,0.8,6.5,22155,4.9
2016-02-29,1.25,6.5,22210,4.9
2016-03-31,1.69,6.5,22230,4.8
2016-04-30,1.89,6.5,22280,4.8
2016-05-31,2.28,6.5,22320,4.8
2016-06-30,2.35,6.5,22340,4.8
2016-07-31,2.54,6.5,22350,4.8
2016-08-31,3.14,6.5,22350,4.7
2016-09-30,3.34,6.5,22310,4.7
2016-10-31,4.09,6.5,22310,4.7
2016-11-30,4.52,6.5,22350,4.7
2016-12-31,4.74,6.5,22770,4.7
2017-01-31,5.22,6.5,22800,4.7
2017-02-28,5.02,6.5,22720,4.7
2017-03-31,4.65,6.5,22720,4.7
2017-04-30,4.27,6.5,22700,4.6
2017-05-31,3.51,6.5,22700,4.6
2017-06-30,2.54,6.5,22710,4.6
2017-07-31,2.52,6.25,22690,4.6
2017-08-31,3.35,6.25,22710,4.6
2017-09-30,3.4,6.25,22700,4.5
2017-10-31,3.69,6.25,22680,4.5
2017-11-30,3.39,6.25,22670,4.5
2017-12-31,2.61,6.25,22698,4.5
2018-01-31,2.65,6.25,22730,4.5
2018-02-28,2.9,6.25,22750,4.6
2018-03-31,2.66,6.25,22790,4.7
2018-04-30,2.8,6.25,22820,4.8
2018-05-31,3.86,6.25,22870,4.9
2018-06-30,4.67,6.25,22950,5.0
2018-07-31,4.46,6.25,23050,5.1
2018-08-31,3.98,6.25,23150,5.1
2018-09-30,3.73,6.25,23210,5.1
2018-10-31,3.89,6.25,23295,5.0
2018-11-30,3.46,6.25,23295,5.0
2018-12-31,2.98,6.25,23175,4.9
2019-01-31,2.56,6.25,23170,4.9
2019-02-28,2.64,6.25,23170,4.3
2019-03-31,2.7,6.25,23180,4.1
2019-04-30,2.93,6.25,23190,4.0
2019-05-31,2.86,6.25,23250,4.0
2019-06-30,2.22,6.25,23290,4.0
2019-07-31,2.18,6.25,23290,4.0
2019-08-31,2.32,6.25,23230,4.0
2019-09-30,2.5,6.0,23230,3.9
2019-10-31,3.41,6.0,23230,3.9
2019-11-30,3.52,6.0,23230,3.8
2019-12-31,5.23,6.0,23175,3.7
2020-01-31,6.43,6.0,23175,3.5
2020-02-29,5.91,6.0,23220,3.4
2020-03-31,4.87,5.0,23380,3.3
2020-04-30,2.93,5.0,23360,3.1
2020-05-31,2.4,4.5,23280,2.9
2020-06-30,3.17,4.5,23250,2.8
2020-07-31,3.39,4.5,23230,2.8
2020-08-31,3.18,4.5,23220,2.7
2020-09-30,2.98,4.5,23200,2.7
2020-10-31,1.98,4.0,23200,2.6
2020-11-30,1.48,4.0,23180,2.5
2020-12-31,0.19,4.0,23098,2.5
2021-01-31,0.06,4.0,23100,2.5
2021-02-28,1.52,4.0,23060,2.4
2021-03-31,1.31,4.0,23060,2.4
2021-04-30,2.7,4.0,23020,2.4
2021-05-31,2.9,4.0,22980,2.4
2021-06-30,2.41,4.0,22930,2.3
2021-07-31,2.25,4.0,22930,2.3
2021-08-31,2.82,4.0,22980,2.3
2021-09-30,1.88,4.0,22820,2.3
2021-10-31,1.67,4.0,22620,2.3
2021-11-30,0.32,4.0,22650,2.4
2021-12-31,-0.18,4.0,22815,2.5
2022-01-31,1.94,4.0,22990,2.6
2022-02-28,1.42,4.0,22970,2.7
2022-03-31,2.41,4.0,22920,2.8
2022-04-30,2.09,4.0,22950,3.2
2022-05-31,2.86,4.0,23010,3.5
2022-06-30,3.37,4.0,23060,4.0
2022-07-31,3.59,4.0,23390,5.0
2022-08-31,2.89,4.0,23400,5.5
2022-09-30,3.94,5.0,24030,6.5
2022-10-31,4.3,6.0,24560,7.0
2022-11-30,4.37,6.0,24860,7.5
2022-12-31,4.55,6.0,23634,7.0
2023-01-31,4.89,6.0,23550,6.5
2023-02-28,4.31,6.0,23550,5.8
2023-03-31,3.35,5.5,23550,5.0
2023-04-30,2.81,5.0,23600,4.5
2023-05-31,2.43,4.5,23650,4.0
2023-06-30,2.0,4.0,23700,3.8
2023-07-31,2.06,4.0,23900,3.8
2023-08-31,2.96,4.0,24010,3.8
2023-09-30,3.66,4.0,24290,3.8
2023-10-31,3.59,4.0,24490,3.8
2023-11-30,3.45,4.0,24020,4.0
2023-12-31,3.58,4.0,23925,4.0
2024-01-31,3.37,4.0,24200,4.0
2024-02-29,3.98,4.0,24400,3.9
2024-03-31,3.97,4.0,24600,3.8
2024-04-30,4.4,4.0,25000,3.8
2024-05-31,4.44,4.0,25300,3.8
2024-06-30,4.34,4.0,25380,3.8
2024-07-31,3.55,4.0,25450,3.7
2024-08-31,3.45,4.0,25430,3.7
2024-09-30,2.63,4.0,25300,3.7
2024-10-31,2.89,4.0,25350,3.7
2024-11-30,2.77,4.0,25450,3.8
2024-12-31,2.94,4.0,25600,3.8
