quarter,date,GDP_growth_pct_yoy,source
2015Q1,2015-03-31,6.03,GSO Vietnam
2015Q2,2015-06-30,6.47,GSO Vietnam
2015Q3,2015-09-30,6.87,GSO Vietnam
2015Q4,2015-12-31,7.01,GSO Vietnam
2016Q1,2016-03-31,5.48,GSO Vietnam
2016Q2,2016-06-30,5.78,GSO Vietnam
2016Q3,2016-09-30,6.56,GSO Vietnam
2016Q4,2016-12-31,6.68,GSO Vietnam
2017Q1,2017-03-31,5.15,GSO Vietnam
2017Q2,2017-06-30,6.28,GSO Vietnam
2017Q3,2017-09-30,7.46,GSO Vietnam
2017Q4,2017-12-31,7.65,GSO Vietnam
2018Q1,2018-03-31,7.45,GSO Vietnam
2018Q2,2018-06-30,6.79,GSO Vietnam
2018Q3,2018-09-30,6.88,GSO Vietnam
2018Q4,2018-12-31,7.31,GSO Vietnam
2019Q1,2019-03-31,6.82,GSO Vietnam
2019Q2,2019-06-30,6.73,GSO Vietnam
2019Q3,2019-09-30,7.48,GSO Vietnam
2019Q4,2019-12-31,6.97,GSO Vietnam
2020Q1,2020-03-31,3.68,GSO Vietnam
2020Q2,2020-06-30,0.39,GSO Vietnam
2020Q3,2020-09-30,2.69,GSO Vietnam
2020Q4,2020-12-31,4.48,GSO Vietnam
2021Q1,2021-03-31,4.72,GSO Vietnam
2021Q2,2021-06-30,6.73,GSO Vietnam
2021Q3,2021-09-30,-6.17,GSO Vietnam
2021Q4,2021-12-31,5.22,GSO Vietnam
2022Q1,2022-03-31,5.05,GSO Vietnam
2022Q2,2022-06-30,7.83,GSO Vietnam
2022Q3,2022-09-30,13.67,GSO Vietnam
2022Q4,2022-12-31,5.92,GSO Vietnam
2023Q1,2023-03-31,3.28,GSO Vietnam
2023Q2,2023-06-30,4.05,GSO Vietnam
2023Q3,2023-09-30,5.47,GSO Vietnam
2023Q4,2023-12-31,6.72,GSO Vietnam
2024Q1,2024-03-31,5.66,GSO Vietnam
2024Q2,2024-06-30,6.93,GSO Vietnam
2024Q3,2024-09-30,7.4,GSO Vietnam
2024Q4,2024-12-31,7.55,GSO Vietnam
