date,CPI_yoy_pct,source
2015-01-31,0.47,GSO Vietnam
2015-02-28,0.85,GSO Vietnam
2015-03-31,0.97,GSO Vietnam
2015-04-30,1.08,GSO Vietnam
2015-05-31,1.1,GSO Vietnam
2015-06-30,1.0,GSO Vietnam
2015-07-31,0.73,GSO Vietnam
2015-08-31,0.56,GSO Vietnam
2015-09-30,0.47,GSO Vietnam
2015-10-31,0.11,GSO Vietnam
2015-11-30,-0.2,GSO Vietnam
2015-12-31,-0.6,GSO Vietnam
2016-01-31,0.8,GSO Vietnam
2016-02-29,1.25,GSO Vietnam
2016-03-31,1.69,GSO Vietnam
2016-04-30,1.89,GSO Vietnam
2016-05-31,2.28,GSO Vietnam
2016-06-30,2.35,GSO Vietnam
2016-07-31,2.54,GSO Vietnam
2016-08-31,3.14,GSO Vietnam
2016-09-30,3.34,GSO Vietnam
2016-10-31,4.09,GSO Vietnam
2016-11-30,4.52,GSO Vietnam
2016-12-31,4.74,GSO Vietnam
2017-01-31,5.22,GSO Vietnam
2017-02-28,5.02,GSO Vietnam
2017-03-31,4.65,GSO Vietnam
2017-04-30,4.27,GSO Vietnam
2017-05-31,3.51,GSO Vietnam
2017-06-30,2.54,GSO Vietnam
2017-07-31,2.52,GSO Vietnam
2017-08-31,3.35,GSO Vietnam
2017-09-30,3.4,GSO Vietnam
2017-10-31,3.69,GSO Vietnam
2017-11-30,3.39,GSO Vietnam
2017-12-31,2.61,GSO Vietnam
2018-01-31,2.65,GSO Vietnam
2018-02-28,2.9,GSO Vietnam
2018-03-31,2.66,GSO Vietnam
2018-04-30,2.8,GSO Vietnam
2018-05-31,3.86,GSO Vietnam
2018-06-30,4.67,GSO Vietnam
2018-07-31,4.46,GSO Vietnam
2018-08-31,3.98,GSO Vietnam
2018-09-30,3.73,GSO Vietnam
2018-10-31,3.89,GSO Vietnam
2018-11-30,3.46,GSO Vietnam
2018-12-31,2.98,GSO Vietnam
2019-01-31,2.56,GSO Vietnam
2019-02-28,2.64,GSO Vietnam
2019-03-31,2.7,GSO Vietnam
2019-04-30,2.93,GSO Vietnam
2019-05-31,2.86,GSO Vietnam
2019-06-30,2.22,GSO Vietnam
2019-07-31,2.18,GSO Vietnam
2019-08-31,2.32,GSO Vietnam
2019-09-30,2.5,GSO Vietnam
2019-10-31,3.41,GSO Vietnam
2019-11-30,3.52,GSO Vietnam
2019-12-31,5.23,GSO Vietnam
2020-01-31,6.43,GSO Vietnam
2020-02-29,5.91,GSO Vietnam
2020-03-31,4.87,GSO Vietnam
2020-04-30,2.93,GSO Vietnam
2020-05-31,2.4,GSO Vietnam
2020-06-30,3.17,GSO Vietnam
2020-07-31,3.39,GSO Vietnam
2020-08-31,3.18,GSO Vietnam
2020-09-30,2.98,GSO Vietnam
2020-10-31,1.98,GSO Vietnam
2020-11-30,1.48,GSO Vietnam
2020-12-31,0.19,GSO Vietnam
2021-01-31,0.06,GSO Vietnam
2021-02-28,1.52,GSO Vietnam
2021-03-31,1.31,GSO Vietnam
2021-04-30,2.7,GSO Vietnam
2021-05-31,2.9,GSO Vietnam
2021-06-30,2.41,GSO Vietnam
2021-07-31,2.25,GSO Vietnam
2021-08-31,2.82,GSO Vietnam
2021-09-30,1.88,GSO Vietnam
2021-10-31,1.67,GSO Vietnam
2021-11-30,0.32,GSO Vietnam
2021-12-31,-0.18,GSO Vietnam
2022-01-31,1.94,GSO Vietnam
2022-02-28,1.42,GSO Vietnam
2022-03-31,2.41,GSO Vietnam
2022-04-30,2.09,GSO Vietnam
2022-05-31,2.86,GSO Vietnam
2022-06-30,3.37,GSO Vietnam
2022-07-31,3.59,GSO Vietnam
2022-08-31,2.89,GSO Vietnam
2022-09-30,3.94,GSO Vietnam
2022-10-31,4.3,GSO Vietnam
2022-11-30,4.37,GSO Vietnam
2022-12-31,4.55,GSO Vietnam
2023-01-31,4.89,GSO Vietnam
2023-02-28,4.31,GSO Vietnam
2023-03-31,3.35,GSO Vietnam
2023-04-30,2.81,GSO Vietnam
2023-05-31,2.43,GSO Vietnam
2023-06-30,2.0,GSO Vietnam
2023-07-31,2.06,GSO Vietnam
2023-08-31,2.96,GSO Vietnam
2023-09-30,3.66,GSO Vietnam
2023-10-31,3.59,GSO Vietnam
2023-11-30,3.45,GSO Vietnam
2023-12-31,3.58,GSO Vietnam
2024-01-31,3.37,GSO Vietnam
2024-02-29,3.98,GSO Vietnam
2024-03-31,3.97,GSO Vietnam
2024-04-30,4.4,GSO Vietnam
2024-05-31,4.44,GSO Vietnam
2024-06-30,4.34,GSO Vietnam
2024-07-31,3.55,GSO Vietnam
2024-08-31,3.45,GSO Vietnam
2024-09-30,2.63,GSO Vietnam
2024-10-31,2.89,GSO Vietnam
2024-11-30,2.77,GSO Vietnam
2024-12-31,2.94,GSO Vietnam
