date,USD_VND_central_rate,source
2015-01-31,21458,SBV Vietnam
2015-02-28,21500,SBV Vietnam
2015-03-31,21548,SBV Vietnam
2015-04-30,21580,SBV Vietnam
2015-05-31,21620,SBV Vietnam
2015-06-30,21660,SBV Vietnam
2015-07-31,21700,SBV Vietnam
2015-08-31,21890,SBV Vietnam
2015-09-30,21890,SBV Vietnam
2015-10-31,21890,SBV Vietnam
2015-11-30,21890,SBV Vietnam
2015-12-31,22160,SBV Vietnam
2016-01-31,22155,SBV Vietnam
2016-02-29,22210,SBV Vietnam
2016-03-31,22230,SBV Vietnam
2016-04-30,22280,SBV Vietnam
2016-05-31,22320,SBV Vietnam
2016-06-30,22340,SBV Vietnam
2016-07-31,22350,SBV Vietnam
2016-08-31,22350,SBV Vietnam
2016-09-30,22310,SBV Vietnam
2016-10-31,22310,SBV Vietnam
2016-11-30,22350,SBV Vietnam
2016-12-31,22770,SBV Vietnam
2017-01-31,22800,SBV Vietnam
2017-02-28,22720,SBV Vietnam
2017-03-31,22720,SBV Vietnam
2017-04-30,22700,SBV Vietnam
2017-05-31,22700,SBV Vietnam
2017-06-30,22710,SBV Vietnam
2017-07-31,22690,SBV Vietnam
2017-08-31,22710,SBV Vietnam
2017-09-30,22700,SBV Vietnam
2017-10-31,22680,SBV Vietnam
2017-11-30,22670,SBV Vietnam
2017-12-31,22698,SBV Vietnam
2018-01-31,22730,SBV Vietnam
2018-02-28,22750,SBV Vietnam
2018-03-31,22790,SBV Vietnam
2018-04-30,22820,SBV Vietnam
2018-05-31,22870,SBV Vietnam
2018-06-30,22950,SBV Vietnam
2018-07-31,23050,SBV Vietnam
2018-08-31,23150,SBV Vietnam
2018-09-30,23210,SBV Vietnam
2018-10-31,23295,SBV Vietnam
2018-11-30,23295,SBV Vietnam
2018-12-31,23175,SBV Vietnam
2019-01-31,23170,SBV Vietnam
2019-02-28,23170,SBV Vietnam
2019-03-31,23180,SBV Vietnam
2019-04-30,23190,SBV Vietnam
2019-05-31,23250,SBV Vietnam
2019-06-30,23290,SBV Vietnam
2019-07-31,23290,SBV Vietnam
2019-08-31,23230,SBV Vietnam
2019-09-30,23230,SBV Vietnam
2019-10-31,23230,SBV Vietnam
2019-11-30,23230,SBV Vietnam
2019-12-31,23175,SBV Vietnam
2020-01-31,23175,SBV Vietnam
2020-02-29,23220,SBV Vietnam
2020-03-31,23380,SBV Vietnam
2020-04-30,23360,SBV Vietnam
2020-05-31,23280,SBV Vietnam
2020-06-30,23250,SBV Vietnam
2020-07-31,23230,SBV Vietnam
2020-08-31,23220,SBV Vietnam
2020-09-30,23200,SBV Vietnam
2020-10-31,23200,SBV Vietnam
2020-11-30,23180,SBV Vietnam
2020-12-31,23098,SBV Vietnam
2021-01-31,23100,SBV Vietnam
2021-02-28,23060,SBV Vietnam
2021-03-31,23060,SBV Vietnam
2021-04-30,23020,SBV Vietnam
2021-05-31,22980,SBV Vietnam
2021-06-30,22930,SBV Vietnam
2021-07-31,22930,SBV Vietnam
2021-08-31,22980,SBV Vietnam
2021-09-30,22820,SBV Vietnam
2021-10-31,22620,SBV Vietnam
2021-11-30,22650,SBV Vietnam
2021-12-31,22815,SBV Vietnam
2022-01-31,22990,SBV Vietnam
2022-02-28,22970,SBV Vietnam
2022-03-31,22920,SBV Vietnam
2022-04-30,22950,SBV Vietnam
2022-05-31,23010,SBV Vietnam
2022-06-30,23060,SBV Vietnam
2022-07-31,23390,SBV Vietnam
2022-08-31,23400,SBV Vietnam
2022-09-30,24030,SBV Vietnam
2022-10-31,24560,SBV Vietnam
2022-11-30,24860,SBV Vietnam
2022-12-31,23634,SBV Vietnam
2023-01-31,23550,SBV Vietnam
2023-02-28,23550,SBV Vietnam
2023-03-31,23550,SBV Vietnam
2023-04-30,23600,SBV Vietnam
2023-05-31,23650,SBV Vietnam
2023-06-30,23700,SBV Vietnam
2023-07-31,23900,SBV Vietnam
2023-08-31,24010,SBV Vietnam
2023-09-30,24290,SBV Vietnam
2023-10-31,24490,SBV Vietnam
2023-11-30,24020,SBV Vietnam
2023-12-31,23925,SBV Vietnam
2024-01-31,24200,SBV Vietnam
2024-02-29,24400,SBV Vietnam
2024-03-31,24600,SBV Vietnam
2024-04-30,25000,SBV Vietnam
2024-05-31,25300,SBV Vietnam
2024-06-30,25380,SBV Vietnam
2024-07-31,25450,SBV Vietnam
2024-08-31,25430,SBV Vietnam
2024-09-30,25300,SBV Vietnam
2024-10-31,25350,SBV Vietnam
2024-11-30,25450,SBV Vietnam
2024-12-31,25600,SBV Vietnam
