date,ACB,BCM,BID,BVH,CTG,FPT,GAS,GVR,HDB,HPG,MBB,MSN,MWG,NVL,PDR,PLX,POW,SAB,SSB,SSI,STB,TCB,TPB,VCB,VHM,VIC,VJC,VNM,VPB,VRE
2015-01-31,,,,,,,,,,,,,,,,,,,,,,,,,,,,,,
2015-02-28,-0.011617042709740297,,0.06100585750793419,0.0833788441175342,0.07490217690774924,0.027052176175947608,0.025647620525186897,,,-0.014880137953388509,-0.0070283618993075975,0.017694316800595668,0.07751778536214961,,0.011728844297377252,,,,,0.03736153577778609,0.02084586064295389,,,0.07295492516668423,,0.030787817018602056,,0.03774845813024669,,
2015-03-31,-0.017820896570111548,,-0.05527048742319009,-0.09212616637191742,-0.11461175985439996,-0.008231286903750775,-0.1798107247962963,,,-0.0657680798809433,-0.02884492883121348,-0.1047287583826175,-0.22494518946993514,,0.034383058039601046,,,,,-0.12109673256567113,-0.03677047689600712,,,-0.08987379040094279,,-0.05185257159821959,,-0.018696121378089087,,
2015-04-30,0.006067310394123952,,0.06595024205543808,0.034505676004249676,0.039709582946650744,0.06204261703173203,0.0,,,-0.0023649991314978564,0.007233304593520061,0.05065398381438306,0.018468857788864406,,0.0,,,,,0.01963188133292175,-0.04374874189650595,,,0.030864162548679085,,0.033493857641926604,,0.018696121378089188,,
2015-05-31,0.18154222285577748,,0.12771438763205992,0.06563256711246551,0.08004918975220948,0.023742636158131783,-0.046575927542590635,,,-0.07708733166766361,0.0,0.036380457767638784,-0.11029004459669602,,0.016517256733463066,,,,,0.03814403921320454,0.01111792310696596,,,0.17906556143532115,,-0.02290601589187342,,-0.02819050557826706,,
2015-06-30,0.06028735141006466,,0.08985574479109949,0.11080554343107697,0.032824950776565304,0.030576515590171677,-0.008027762759465528,,,0.08312013684970684,0.0899724541358474,-0.036380457767638825,-0.05936223184778633,,0.04866396745152644,,,,,0.12699853077682813,0.027265756310078167,,,0.14116930215709558,,0.14001323022671347,,0.09213268289687832,,
2015-07-31,0.05236137663431629,,0.1431418628308235,0.24724997621888387,0.15858194623187244,0.019233806225402612,-0.04959304908472925,,,0.1173180275103619,0.04547152274722676,0.10537486687516846,-0.027598669408041752,,0.20246307209089454,,,,,0.11277173736723752,0.021289678732515152,,,0.022275002222163536,,-0.00924110281344544,,0.060098140601913395,,
2015-08-31,-0.16586278842935584,,-0.05011525073849749,-0.12137792716690385,-0.15340156000797214,-0.04611248347616422,-0.18572010057804927,,,-0.04397618857048362,-0.08045257398088661,-0.11156505435196805,-0.08004270767353637,,-0.16132905649750848,,,,,0.0448409669123482,-0.13504622145284048,,,-0.16053193801043364,,-0.037842826805026965,,0.03657435286904606,,
2015-09-30,0.058246092961017445,,0.02132460936403124,0.0,0.015382060670131285,0.006744058843418185,-0.06754737245003686,,,-0.02285954277857281,0.08750865970509546,-0.08419290430813413,-0.07888414896569414,,-0.10533604753367383,,,,,-0.09722392843062279,-0.012128445595614462,,,0.009385210542782022,,0.0048094143290931925,,0.0,,
2015-10-31,0.06982908727934072,,0.016750202657241937,0.27143807955957483,0.05947447054242374,0.1024582635026593,0.04367160951581094,,,0.035657013100605414,-0.040862685452286544,0.0,0.19322001343662074,,-0.1254894338452279,,,,,0.021057777221279873,-0.00029407440294271865,,,0.10604996321076154,,0.08724087826955149,,0.16551062452958426,,
2015-11-30,-0.06982908727934083,,-0.16666165420552678,-0.12190703709439601,-0.1226325325687237,-0.020456796465581198,-0.1274411907771602,,,-0.03243000272915364,-0.020971163278157505,-0.05558107183377415,0.013487008296182577,,0.06106508937170177,,,,,-0.05572236887062562,-0.21217451994363576,,,-0.10604996321076156,,-0.0611947704777766,,0.04958986684249193,,
2015-12-31,0.020549441631265784,,0.009728663266655292,-0.01867312330081853,0.010781354432019536,0.0,-0.12936793248537232,,,-0.04356221803776783,0.034912191164179776,0.10180590770442902,0.045600948606980385,,-0.014986477407626077,,,,,-0.022278013260824958,0.17471695740873533,,,0.02304209641616997,,0.06558216783084961,,0.031756070576671104,,
2016-01-31,-0.04129707382551437,,-0.20387961760625897,-0.038471419838022734,-0.07819888831122497,-0.04011858294525375,0.07961056194490579,,,-0.060010003588213796,-0.013941027886022167,-0.06669740869792752,-0.08649993727571836,,-0.02277392464855219,,,,,-0.07966361333460747,-0.14780950448881097,,,-0.058632408896364285,,0.04070848990292765,,-0.09844431625720738,,
2016-02-29,0.03614300079129372,,0.05212305756573029,0.01942070477907482,0.03427679986195113,0.029690454008184285,0.0855151845935228,,,0.014463343951931,0.013941027886022112,-0.006918401509202744,0.040898988668737805,,0.0075594312468163635,,,,,0.09311178779124903,-0.02690745291992438,,,-0.009726907288650881,,-0.07635877069850495,,0.09844431625720745,,
2016-03-31,-0.07364146155806263,,-0.05816276531280621,-0.03922605576138229,-0.08194583825340153,-0.014735040668759644,0.0029635440900565857,,,0.05584806415061631,-0.02088266458014158,-0.006966599434832047,0.006675899563774863,,0.1287796691910992,,,,,-0.06421009593345861,-0.06575137756278042,,,0.0,,0.06791693372029385,,0.04580297632888435,,
2016-04-30,-0.022253027317429702,,0.046830734045885246,0.19885693121554476,0.012175510633252343,0.03133627615341628,0.21824081369941428,,,0.12710546124650468,0.0544229953251628,-0.02122349806246677,-0.006675899563774792,,-0.03415435390821123,,,,,0.014028402336546845,0.0,,,0.11506932978478729,,0.10645493598912503,,0.0366344956162597,,
2016-05-31,0.02755935911227549,,0.03919212625148002,-0.016531515868431844,0.06977032762014924,-0.014247433821635277,0.16253330772756672,,,0.008984786407815257,0.03263959936531549,-0.007166498269799412,0.15611203032622215,,0.034154353908211206,,,,,0.004709134068544113,0.06575137756278043,,,0.015110788107241662,,0.0,,0.021350160314850018,,
2016-06-30,0.032192128971923244,,-0.039192126251480164,-0.004117817771865955,-0.05782730379427215,0.0241882687952237,0.040819328027799286,,,0.1582949045732847,-0.04592104459556094,-0.04411222894487489,0.3599889486287697,,-0.07663950380665722,,,,,-0.033083972493811356,0.026907452919924402,,,0.012789783282445382,,0.04447784213036682,,0.007231648524316195,,
2016-07-31,-0.048440819187713126,,0.005682067414153023,0.0,0.057827303794272096,-0.019335853289389828,-0.0661354267257931,,,0.11678574100049238,0.006662772051488457,-0.038337756145310764,0.08568939336212766,,-0.07526730144462936,,,,,0.09613892548604437,0.0,,,0.1324420786854925,,0.03188579657733818,,0.11382807287948549,,
2016-08-31,-0.005639343129622872,,-0.07058952823977746,0.04958319293523115,-0.022747850109364528,0.0683633874009895,0.08985045343797819,,,0.13202295251143778,-0.013370234563171764,0.07523175717955886,0.07194098682976363,,0.0,,,,,-0.06776408706077723,-0.08299691957096791,,,0.0,,-0.058563165208703576,,0.19755534650563314,,
2016-09-30,0.016581701550567124,,0.0359174950316994,0.13414187286104381,-0.026172234808593695,0.060730987821959806,0.10358404960653401,,,0.06552404517207798,0.0067074625116832765,0.018665613750977555,-0.03389140078265644,,0.003846158587478315,,,,,0.041273193658660744,-0.10964317744982713,,,-0.022976614541019475,,0.12511216805913075,,-0.10820436618119024,,
2016-10-31,0.037498460766768896,,-0.017840768251960244,-0.10238971794894217,-0.005900731193141381,-0.06988973935027532,-0.06594943048076009,,,-0.11463424864209026,0.006858065480485426,-0.06766498720135943,0.04081468588766373,,0.041885317119579414,,,,,-0.011779222760634575,-0.055140758678799855,,,-0.0619184395242623,,-0.0459710798939107,,0.014177039507218821,,
2016-11-30,0.0053432581534646854,,-0.03576843594090959,-0.08473126631002695,-0.045536179452016386,-0.0034276607425227403,-0.032336510930634194,,,0.03260322602031517,-0.06870000283644694,-0.024659438064718084,0.12920995968224266,,0.03893749580230264,,,,,-0.05621200421057122,-0.16211884947643523,,,-0.0224865837715583,,-0.011822639116347289,,-0.02857098738224857,,
2016-12-31,0.011289141895677271,,-0.0745565434616517,-0.010257502138567812,-0.06748720895137908,0.014844259244924357,-0.01701154898295758,,,0.024659397907264305,0.04758427009213526,0.010852190494908251,-0.05605883543555996,,-0.030036913483609803,,,,,-0.01525109984688176,0.23111172096338664,,,0.007079130825463741,,0.0,,-0.0941502280771849,,
2017-01-31,0.2935069989781285,,0.17402476724871854,0.04862181872418151,0.2504070307945868,0.02472561643532234,-0.008275442212981177,,,-0.019979790907237515,0.010514926757670977,-0.0008075974416355401,0.0253273182917649,0.008310727445229125,0.052048807716613875,,,0.12400493437526111,,0.03015660437519383,0.07637297878457396,,,0.10310755793898485,,0.0,,0.02670440328600485,,
2017-02-28,-0.03017395553663408,,-0.026995302347538514,-0.026538320323764908,-0.016280130445174682,0.0164391249336642,0.0033311086041470793,,,-0.05590123135637017,0.027638972269281685,-0.006092912973872125,0.043393791908626494,0.10040569202436059,0.03548367402686121,,,0.005789246410276605,,0.048324072340905494,0.009756174945364656,,,-0.04955298227431253,,0.06898639037453327,,0.018432238199694636,,
2017-03-31,0.06755992042015824,,0.06476269722622019,-0.0050456525795570745,-0.008240547166096958,0.03118039603464552,-0.09201124262197845,,,0.13367073631596252,0.09218132627422886,0.1376286892999111,0.007178636560565502,0.032284181754163754,0.21064939551204734,,,-0.11822388264776713,,0.11786936534953503,0.10584583476465852,,,-0.01346279708145737,,-0.07376137467901796,0.17067895596963137,0.08669553668361506,,
2017-04-30,-0.05461588802386197,,-0.055710607014005833,-0.0326340927607895,-0.042333121395811205,-0.018135486279818425,0.021367843424411337,,,-0.038346078341099016,0.028817454382834524,-0.05683592950426053,-0.00778764997768374,0.021444231234164488,0.3619799961684256,,,-0.000502467685151291,,-0.08532663781526452,0.008695706967553913,,,-0.04999342177024359,,-0.02179079671728002,-0.0031233329956430102,0.03227699057123919,,
2017-05-31,0.0748153042383847,,0.10573247028365083,0.005232437057565348,0.08022099640954192,0.0814057209645532,0.0017942520626849767,,,0.033457459065420816,0.1765214722978685,-0.0285335303395184,0.12142032465279627,-0.053728412988328145,0.015502114531746679,0.27146633640946694,,-0.05554320605312426,,0.1243158567482263,0.07904320734045288,,,0.030843227904448694,,-0.01600087808642732,0.0054185100349986295,0.020223598125880305,,
2017-06-30,0.035330407276719586,,0.10046943658227371,-0.0017477313737590163,0.07432925188908915,0.08575243422565988,0.06322011628719745,,,0.11494756863131522,0.16810637019268979,-0.028165978739609642,0.0957964687144658,0.014791422758977928,0.17375381743745189,0.11996227152243656,,0.09670668276797699,,0.1087705786383682,0.09893994785490365,,,0.06162233070066584,,0.05908586750543823,-0.011805053978576317,0.05143135708251568,,
2017-07-31,0.0038841033837798498,,0.08451375404445527,0.027448936434395173,0.007369028979452095,0.03149072733959175,0.07117318892924357,,,0.0094410639145984,0.06508067349565952,0.018865188303749957,-0.02356259803105201,-0.007368363355390401,-0.0162934106198661,-0.052903554332768554,,0.12865877194664702,,-0.049995145186693554,-0.05205636195605315,,,-0.01967767481502214,,0.041274510613011725,-0.005594110325073551,-0.03223899168326171,,
2017-08-31,0.10639889711605703,,-0.03850143181036052,-0.07840017935712523,-0.06843461227027808,0.02388207643119975,0.0,,,0.08163924125475881,-0.0021477428704683435,0.10420047293512869,0.08484788608732953,-0.11446401237045604,0.023401392567660943,0.061760143916405434,,0.05781554699664866,,-0.04867386065290884,-0.11302338840339538,,,-0.01735826865063191,,0.09635233145527362,0.0032024426911728605,-0.01796713016142967,,
2017-09-30,0.06412019860480277,,-0.054592006682575564,0.020209400735546886,0.004648130962834834,0.005173846717787536,0.1133825301855888,,,0.10422039468151463,-0.04029405122418541,0.14841731688962329,0.06114888717902276,0.021376976714963514,0.08198178058809874,-0.05698260705115613,,0.0352276484386143,,0.0,0.06613980250454499,,,0.034809597462571236,,0.04390816678010002,0.19301876011926158,0.005382731387826019,0.03248655570065453,
2017-10-31,0.0,,0.10867275261507299,-0.09531222965883643,0.013458765895226437,0.03329458515649257,0.03414299141328929,,,-0.05010519682380428,0.03836846870701796,0.07683408877669765,0.09975291931018483,-0.009803624645422337,0.035456893977684464,-0.030582563523525345,,0.09391224710278437,,-0.06510227197463844,-0.12783337150988489,,,0.09628742674622898,,0.13329876415440145,0.041629610795869375,0.011988719184879046,0.08076035096387174,
2017-11-30,0.13151903970198126,,0.16036519077240924,0.1806515798757894,0.2592578850845212,0.14728639302335894,0.11997732511711989,,,0.10756016718845901,0.1246628177321817,0.12020497982791846,0.049339936915330576,0.011402893891931346,0.1191597690826097,0.012985748444855272,,0.14146229356919943,,0.1741849519077281,0.17471695740873533,,,0.15829610049981535,,0.24177674318837794,0.1796635476386572,0.21222554792115297,0.012192664414612062,
2017-12-31,0.05573714880250029,,-0.005875488110019932,0.08632100761460901,-0.004090437409687323,-0.02250082959547445,0.20055475439321027,,,0.12853882250448484,-0.007837660700121138,0.13372682614843165,-0.030061528780425693,0.055285997781683305,0.0028784528575250146,0.1903636580623809,,-0.27739872821129824,,0.06827951455075967,-0.019268418865877032,,,0.11295345868482777,,0.036890127091992624,0.08379895449936366,0.11580405757327869,-0.003620877225465646,-0.03850818959544463
2018-01-31,0.12231453850360348,,0.2935705212326454,0.22771870467968738,0.11685945282848045,0.09674404837161805,0.24628845762095533,,,0.285036003731908,0.247282413833518,0.18296774824193573,-0.042880569584114896,0.20985771460255997,0.09988435204678628,0.16551190037394004,,0.0011411873613471236,,0.16889800493581084,0.23474909743451763,,,0.20418542658894592,,0.1066502901085298,0.27533238375951036,-0.024752579040738527,0.26237247131282077,0.1612630230249136
2018-02-28,0.11966811057918837,,0.13134676925989258,0.02052163572079677,0.21128562648488697,-0.05052558263946588,-0.0897872755016976,,-0.04836460720402156,0.05766398402350131,0.07546314972909673,-0.03198780362085219,-0.012030270951806572,0.06622805708123247,-0.1055619669839259,0.01569702067675197,,-0.04895164138662238,,0.07892280942119811,-0.009273636785329213,,,0.1026405139808538,,0.09847469167687703,0.03562743310848049,-0.037550883490926425,0.11170065347213817,-0.02930511055938072
2018-03-31,0.08888228492544147,0.14238550551447846,0.10686982648243402,0.12135662362092246,0.029365894804364537,0.014912979706278213,0.14292589854076157,,0.03321695011239309,-0.08865201225030625,0.008727962889838984,0.24091294600280658,-0.09465608994024004,0.051117092681216204,0.13919811994904335,-0.0714687321300142,,0.022699751504097834,,0.05535576263585905,-0.03797924806521633,,,-0.045730681894509004,,0.21106388622492284,0.11287889795768656,0.03509780598221325,0.07899770171793188,-0.04954447082086528
2018-04-30,-0.09657265863845707,0.004003242005730067,-0.1841432352655434,-0.026805940625245064,-0.16626550494582973,-0.06287597001344976,-0.16422774222397973,-0.1970870721713254,-0.06993904481237538,-0.11574365931225546,-0.14895023473750008,-0.21218717484756947,-0.09128593970329331,-0.11795824371640243,-0.02508137803630706,-0.30494617833836957,-0.1993524054017278,-0.1218439870563162,,-0.08003302567865808,-0.11255479129185342,,,-0.16127663819820504,,0.07240356897737657,-0.18009002061235094,-0.09285020071048998,-0.18701209256815862,-0.1005881496649572
2018-05-31,-0.058279201537735074,-0.06188987277600741,-0.2104427601959437,-0.06163920461418094,-0.07808890141567569,-0.04844343992205373,-0.20977949519786124,-0.12649032208699776,-0.09293330657022025,0.041869623132341834,-0.02709084662086478,-0.12516852133667253,0.04037113346603199,-0.1872046706054866,-0.0980413207940018,0.004842331355310938,0.029020571973048845,0.11934760046142007,,-0.11781450248248469,-0.1644319920431796,,-0.07566821613382323,-0.10349996758855477,,-0.08269897916359506,-0.22370564032203705,-0.11927164522119388,-0.17301098755018798,-0.07396123916348041
2018-06-30,-0.11655629250519774,-0.2125626318826206,-0.11778303565638351,-0.06200796832480738,-0.11110925759306557,-0.10291423512702863,0.0011771789199675202,0.0,-0.03995969627689947,-0.04290943308936841,-0.10497678579893496,-0.024996672709742932,0.07087599070733451,0.0,0.019716424115229034,-0.009626932474767303,-0.06648225346459409,-0.062318284692960205,,-0.11584672120940465,-0.017167803622365446,,-0.017950854514102492,0.06958771309719174,-0.023736675551321907,0.11424512285862994,0.13353551466155078,0.04044129552664823,0.03119870263079252,-0.10276202054052051
2018-07-31,0.005603397066649046,-0.07084811507991716,0.011492625858614179,-0.04015137864623451,-0.0271748240004097,0.030836633147194422,-0.0079325548339875,-0.10651151111851054,-0.015358728236491636,-0.02772723394982216,0.06300271741853458,0.06375014914343669,0.024252361515384464,0.19531954433229182,-0.15087399407983998,0.03361090038099905,0.0,-0.0928763182919719,,0.013972992291075995,-0.008695706967553932,-0.09485225940905324,-0.07546577036025813,0.008586488014025053,-0.018871536486005914,-0.010278296375448179,0.018170751341618347,-0.01064273603039027,-0.0573967737034936,0.045330838777769326
2018-08-31,0.08814521192659751,-0.17219174276863503,0.268475131790498,0.18212184385056876,0.14016192361593946,0.05529032923899026,0.1795597329555507,0.0,0.06921649190239419,0.0672851468056764,0.010659840269670094,0.12067329804393247,0.027050065584170644,0.047242634626990236,-0.03469827666972597,0.11391312020212255,0.07357051295051799,0.09508827550282105,,0.08933437966559345,-0.008771986072836994,-0.05546708151287251,0.053442139333945815,0.06613889295844942,-0.058800914875275646,-0.028607548629036167,0.0772653297719842,-0.07081881665724125,-0.04521408915577419,-0.03125155686760247
2018-09-30,0.002786810907179216,0.2792317213931954,0.02300445350442136,0.057761842173080016,0.014605239034217765,0.046381166785762123,0.11627546118793401,0.0367788660754746,0.018188728431609735,0.05719015936780012,-0.025630858896465006,-0.023425939456687764,0.058239441904538704,0.022809899430563274,0.07552420238618512,0.046123806956087976,0.16922501787410912,-0.015607304478922415,,0.05841228757794579,0.173471941516972,0.10288597361278261,-0.026364104361663934,0.007970703382671107,0.019048817366164032,-0.05058339237001138,-0.01538893434226833,0.06313047792096253,0.034176449504153696,0.06279142090890288
2018-10-31,-0.11811936308009643,0.03981177568312669,-0.17667848582924162,0.0010215896822553907,-0.16326620134622913,-0.09866676815017984,-0.10660434681766721,0.13503487597684663,-0.16927306516095944,-0.04971814452909904,-0.0534173628962178,-0.11159891675712319,-0.12011853755998876,0.06688041296856369,-0.04082592571645914,-0.17670117241706013,-0.18352755678937538,0.006749694080007127,,-0.12595694771070867,-0.07696104113612832,-0.08032862618870798,-0.013510338098339014,-0.11216131728515424,-0.24485548609985744,-0.01124570862083716,-0.12498692668958784,-0.1677226664340774,-0.22501190846133887,-0.13736321954062872
2018-11-30,-0.016631962334223916,0.047622021962862866,0.062426099514945925,-0.023729868662006357,-0.01727617719186905,0.02243891341358216,-0.13573402087785977,-0.021257295469781962,-0.08926312982662801,-0.1925974989653899,-0.016039225979627845,-0.03682215244620447,-0.0011821205661774901,-0.04310122120244966,0.0037276872673031956,-0.025539158469090373,0.06277401184069865,0.1248521015023238,,-0.0053066842472667556,-0.028399474521698,-0.032108518408417545,-0.02745145247523521,-0.003596785704376519,0.1584559062244507,0.045250650207624726,-0.02040506018619223,0.09758324497239143,-0.028452515236699203,0.02974829670275245
2018-12-31,-0.006709647622506147,0.11829908536232335,0.0912479328098742,-0.07362908259651278,-0.17537522910366232,-0.01645640794351021,-0.0473573460118469,0.10214455984619919,0.00999243134525744,-0.07013549706970086,-0.10258794599459259,-0.03174272572280399,0.029141713963898024,-0.05896118556491201,-0.038425963937029205,-0.09015805849603267,0.07798101995970444,0.06765824165727828,,-0.06705041275872017,-0.016597891409037828,-0.007707167244937778,0.015414563401186793,-0.03490423184340126,-0.05822480260592731,-0.06499517061466079,-0.08770397611623694,-0.05644073192164067,-0.04181377582436807,-0.09564894739790412
2019-01-31,-0.006754971270617248,-0.0508427632730673,-0.08807674983900696,0.035321563581800365,0.02055408327743627,0.02341952109595671,0.01375350880728765,-0.02964071097370765,0.0065175892516894955,-0.11094907368877972,0.11862717197422053,0.0025768290647171215,-0.04708091993675414,-0.126006483228333,0.009720611170621856,0.01683814819235962,0.02771942941432114,-0.13808238734684702,,-0.02091481477314141,0.02886798400085205,0.024834132037738394,0.041693507567841154,0.05986046299312099,0.08609620066857593,0.08640415536411802,0.028753327254573875,0.11777776046271786,0.01252794724256071,0.0455533942033381
2019-02-28,0.010062170103003016,0.10319148294024458,0.03125254350410453,0.019343101593895257,0.05429280577679961,0.02288357479838933,0.111949153987159,-0.020184583002844647,-0.016510020596946954,0.19313136517239216,-0.01839378411637731,0.13466063770831893,0.04478058106026636,0.015772651430911687,0.013511690322646588,0.047111370445958645,-0.02151451743895434,0.029598523716021567,,0.06668865825512843,0.0,0.0,-0.002448281306173936,0.06309962515140696,0.08961166847065978,0.09276213147659436,-0.03711910441629768,0.04419622639192037,0.02446402996492122,0.12234056169111734
2019-03-31,0.0200344111243442,0.038460777438691036,0.09672266191850681,0.010576251597303878,0.07634265105554999,0.028981620221130797,0.01974102231977513,0.1857517039593666,0.0,-0.04259284676273163,0.040990922398274406,-0.05313431274098125,-0.023299197374467895,-0.030026192413364596,0.08797191231346883,0.05006789950762179,-0.06080369762295802,0.039623489350294396,,-0.025368303598756445,-0.008163310639160981,-0.03455238150665973,0.023858231247656164,0.10652119375423098,0.044712951322107786,0.016532376091133026,-0.021230182678230135,-0.045674376439863454,-0.024464029964921186,0.04734359587384485
2019-04-30,-0.006598609960043424,-0.09494537065359163,-0.02833007967984685,-0.06974043242642333,-0.05492009129580612,0.08527480665628029,0.13861232066145182,-0.06119510436014425,-0.0654255515448423,0.042592846762731604,-0.0002828720965540994,0.030370472143369846,0.0011779431532112203,0.05747666140705743,0.013384175197974444,0.04766109549290274,-0.023382234312113354,-0.042961784017352386,,-0.05283809715793489,-0.020704673361691166,-0.058307971386935095,0.004656446835184747,0.008878413202158503,0.005445528386953617,-0.0191611478148692,0.0035784398518528666,-0.03780291330108329,-0.05871880851076625,0.03967038097305264
2019-05-31,-0.03725543246832753,-0.03376321059781413,-0.09964512574276432,-0.14293755475086342,-0.04575434295406898,-0.0013863859145600355,-0.07834879502792977,0.05269245511950395,-0.028907995034203052,-0.04569940409179264,-0.04454607105395174,-0.012736658423243995,0.031112735335400526,0.018427595998223408,0.029300613469228243,0.052470015286731585,0.029934207818044463,0.10994904867419909,,-0.037579811446842346,-0.016878037787351752,-0.06633447382034155,0.1128606101511198,-0.010362585560446683,-0.11507879102880254,0.007885310188788047,0.0715779655590563,-0.0023070088340829066,-0.04560104697732325,-0.00478737279674061
2019-06-30,-0.003496507058729314,0.090747699678155,0.006354304209363033,0.05078667369970563,-0.0402196271156968,0.03123119947029466,-0.06741085432287622,0.07412830265998603,0.007330394389655877,-0.05031590748669506,0.002363601651883423,-0.03317208958317238,0.0749354990541926,-0.010014775915564834,0.07558368389191747,-0.05874886973626127,-0.0032361373647962323,0.02952504777073091,,-0.001947592683609088,-0.03463549666275634,-0.10486899438963619,-0.04494038044510163,0.047925241476743784,-0.03348027427559973,0.00954635535940948,0.02772454801485477,-0.039769905968082685,0.03776234083835562,-0.029156584291455578
2019-07-31,0.026037229523833635,0.11736184367687236,0.11319084644041978,0.038837078453586894,0.06216408137025605,0.06178933995195575,0.11240477490434185,0.16766380773229667,-0.05800640803611972,-0.04122327785309688,0.06040471822591191,-0.03682215244620447,0.1405255377527482,-0.03240216091154249,0.01898867293264229,0.09606928584076847,-0.07516954337868065,0.014438031824648227,,-0.06668526326194119,-0.05897400245955119,0.0097800290536397,-0.0021168745022745942,0.1289125006703245,0.10636912874475103,0.053026659764826706,0.04132186956190622,0.001623822513975381,-0.01863004275719809,0.08910484490523767
2019-08-31,-0.02669418783061106,0.20875213011464328,0.08763237581907889,-0.10008345855698253,-0.026842855523176938,0.11167795324835442,-0.05837377191736642,0.02152047088406755,0.001880878297445579,-0.015709699615312583,0.03966937199137452,-0.059224434542731186,0.09035034214331254,0.07672813468160661,-0.005650856694016706,-0.06301622973737746,-0.08897342220482897,-0.021737972099291746,,-0.07614296153226598,-0.028437935320533514,0.045191994191373555,0.01943953417630485,-0.03165837326318284,0.00744224096432367,0.012218468482128902,-0.010550210895152486,-0.0016238225139754317,0.0901284768530714,-0.07005664993454319
2019-09-30,0.052590371767386686,-0.10056608519452327,0.01660749416966205,-0.015927358757007716,0.04591055203449369,0.08308762542262466,0.05511640603958857,-0.09068364028634547,0.06340258024102512,-0.011245578032307768,0.06269564394676995,0.040299962566202094,0.07577447518022687,0.02378656819974837,-0.013337816238625655,-0.016389971203011257,0.0,-0.029329940385060937,,0.06748572247472436,0.014320053774748471,0.08254404898128923,-0.03721878048917374,0.055077282848978136,0.01694021211539777,-0.03042210923468515,0.042275483148238334,0.06955655280607803,0.08267268580619636,-0.03997571507665031
2019-10-31,0.029489185050307624,-0.02269119324766224,0.030021702498410237,-0.03674962177774171,0.039396209907041735,0.0034620079584261046,-0.026695097260850894,0.021638686822350466,0.06118929734468886,-0.006929477891172092,0.00873876810804746,-0.056340175115461,-0.011978244601367465,-0.06977134228382603,0.0,-0.020029281875572527,0.011634614556629742,-0.011830108465488197,,-0.03085526621298061,0.023420274208098422,0.014878064026179076,0.0022680889741111057,0.06598315332237113,-0.003362114755692635,-0.006699955802087465,0.05165633668596518,0.002313939579800161,-0.02521089747771523,0.0030165935394257273
2019-11-30,-0.04235345281807626,-0.11081171002475382,0.03127572194331979,-0.011597978115023227,-0.07303990628182173,-0.026262013492263724,-0.029416289735079044,-0.02893009367020354,-0.10556534974293419,0.04704666043889159,-0.037657467643900884,-0.058257928861971765,-0.13377080732713717,-0.046461084685419145,-0.007632385215744241,-0.02908954819659762,-0.019385010277035635,-0.1420715745304048,,-0.07529117087191939,-0.0670107102829602,-0.03433813758089157,-0.024771908892373424,-0.02774054552357403,0.03206104476265517,-0.028123063210183253,-0.0006898930939377307,-0.06762211625087233,-0.06494945534775592,0.03695912153722474
2019-12-31,-0.013031916169006997,0.09763493604495507,0.13057483279413853,-0.024471273770679376,0.021785093907141704,0.03311595549321756,-0.07005685862976707,-0.24921427430108872,0.03887397524426194,0.02806137295299762,-0.06285348488887364,-0.21427379781034037,0.04486687486834329,0.04646108468541917,0.0559486732429065,-0.02816407588804517,-0.11147618439265132,0.008813695552269227,,-0.09255155736524513,-0.004962789342129014,0.0279889099022328,-0.03967599559885783,0.06472518290410673,-0.08040557358011624,-0.006067068287945439,0.008931697989041537,-0.033512979465413116,-0.0074089380467120105,-0.01314847284350621
2020-01-31,0.008706786793545312,-0.07231807769265913,0.10970253520535865,-0.15415601428438397,0.15482845345850213,-0.11434794556621136,-0.07995274667799313,0.018604236882391857,-0.020102179546638073,0.02520094596314514,0.0,-0.1202219412176157,-0.028466423452768033,-0.07683065028938107,-0.005719601308952834,-0.055067476520807346,-0.08659528937221926,-0.07275998108529809,,-0.019655784931194385,0.014815085785140682,-0.08643250577230742,-0.007153713442040759,-0.016764559223441194,0.03134677829125343,-0.00174303076806909,-0.11590381754120926,-0.07113995958734713,0.11555713610596861,-0.12349786363494485
2020-02-29,0.09137159346883006,-0.11333016673471426,-0.12387085335122565,-0.06861952819346048,0.05384456111670348,0.05789999125390019,-0.1320509531388204,0.12198278804782467,0.029125387099200272,-0.0753288278865656,-0.019428865378167615,-0.022196838329632138,-0.03959766164884209,-0.0294727535953233,-0.0019397143064378219,-0.02676380704028094,-0.0638997475610764,-0.25050031232609704,,-0.10717152364137925,0.12861737782209354,0.02964869392212987,0.023688957181551423,-0.07367683890994417,-0.08462440511356974,-0.08542311978547762,-0.06587069328724307,-0.037569034777123596,0.19187188811892605,-0.052958573706611695
2020-03-31,-0.3477279347266433,-0.40951760905623724,-0.3885704007369684,-0.39459613846179564,-0.403566858867584,-0.2931324048909332,-0.3243997492437285,-0.3756147816060386,-0.445811234617902,-0.2825188310214085,-0.4091152595707232,0.0,-0.5923349775315051,-0.030367844346625785,-0.043248696548168354,-0.29425054455897487,-0.32881748820386336,-0.2754067023657209,,-0.31531629232569225,-0.46313074995797354,-0.39429180751003917,-0.22136260694321502,-0.28445410941485105,-0.37970374877131813,-0.2341240032856758,-0.22643032502083246,-0.138325038383084,-0.4729110132559987,-0.3976013716479499
2020-04-30,0.14130506096731837,0.36450948256379306,0.14318418739202382,0.22205700449619495,0.1508384768627335,0.21187232314247378,0.1457640689580159,0.28552626563939276,0.14851464682063262,0.24373835906451768,0.1630321592355875,0.18233415212486564,0.3272395831448125,0.024745785740306645,0.07354013599974989,0.09903426754834402,0.3974981213652818,0.2815643089888104,,0.25996189446465395,0.220400065368459,0.13685918271719735,0.014426865855858529,0.09236652755258633,0.14528330941139558,0.09705756438058433,0.1724998184954548,0.08425927687199178,0.19018779258039245,0.1875299019010929
2020-05-31,0.11070736288082428,0.10325825104077781,0.11905825448107232,0.07804648902949587,0.11778303565638346,0.10025414174969782,0.15999971588011053,0.13410754601984526,0.15864709028053328,0.24251133369988967,0.07546410116820762,0.06420784111471707,0.03489950014190778,0.009341465779217017,0.14624037468834689,0.13554473378603968,-0.028932011434550528,0.07900301181502282,,0.1296608155255818,0.12386948171278571,0.18522431645191595,0.17125006761817355,0.22550298545651742,0.18600047706436437,0.05401244823522045,-0.02188271124950771,0.14981058998523766,0.1301785945244751,0.17435338714477774
2020-06-30,-0.004362869383874716,0.0037886970424747947,-0.056451446220725385,-0.0933231006499169,-0.04309595125117537,-0.04915191579970011,-0.0753522955209027,-0.14763794847535192,0.024484688492861104,-0.022212326976971498,-0.03552671335453324,-0.14752191257957098,-0.045972303786737466,0.1356279257613291,-0.1319517455793924,-0.036405078003315806,-0.055084865256641025,-0.11651027128444595,,0.0,0.0427618593380817,-0.05715841383994864,-0.002466092495193554,-0.05922669481438168,-0.014463412088201365,-0.08607122021354222,-0.04525659158812083,-0.007176734671407505,-0.1326880061299008,-0.10334235150158907
2020-07-31,-0.013312059170594887,-0.019009210895684178,-0.03352847429171394,-0.11886940186860433,-0.0163675933125071,-0.025512651541367514,-0.004197481220199688,-0.09528035028005388,-0.03485682206528221,-0.011376874565494702,-0.052563059047073986,-0.06887228019838516,-0.08118656258889959,0.0569036584726844,0.0,-0.05308589282483986,-0.0584115747361235,0.06772010711501388,,-0.02651222556415386,-0.06237033072645808,-0.074304725720515,0.0,-0.04978516371023205,0.02872061286287957,-0.01700812338525717,-0.13353139262452263,-0.05189785583779357,-0.012240706324015145,0.012024192966801812
2020-08-31,0.20250625177302176,0.25261594020360306,0.11095050324369488,0.21118097987092294,0.19248095346793864,0.12764905103750274,0.12336862090673835,0.1697930758060328,0.16864811305732777,0.12339604755919589,0.13071402000402538,0.08536829275950097,0.2261148569641754,-0.02017624523838112,0.1606342161169529,0.2184077838787516,0.09387176556408976,0.13092620642195232,,0.09498905678851398,0.10337835445383518,0.1600365120045197,0.08832738310158582,0.08285261552072713,0.010245813342796749,0.028171591341962603,0.08612915372993875,0.1229607691244203,0.14492871245391595,0.07296901986659081
2020-09-30,0.05953374095190993,0.18678162254273556,-0.003680001636764973,-0.024340662563641854,0.03253237123887255,0.010020595634313763,-0.03852881208468205,0.08912420262242633,0.09900238476762659,0.07263591606502794,0.09561901838071747,-0.007297987161802184,0.11038093081899415,0.0015470952861485667,0.31039948481447804,-0.023730246003147302,0.019624674428674743,-0.043765203129003775,,0.12896143425074133,0.2087548138621102,0.05924283356286076,0.04129204677702513,0.013165157312440941,-0.0389664262056762,0.016539549081245747,0.015414563401186793,0.09220004284772751,0.016994323336338397,0.021978906718775167
2020-10-31,0.06868790468438274,-0.025019128571747953,-0.05802441304290629,0.05082767653639207,0.0882769631017211,0.029570496316741267,-0.012698250956752302,0.13602932548848481,0.004153692368693395,0.14602711065787144,0.03349618148028185,0.43079308921066767,0.017740377141755994,-0.030159634793646868,0.06033268486728532,-0.026173163888355402,-0.08648151655362363,0.005438235260164501,,0.008833624999071097,-0.03690455693545098,-0.056898166603606665,-0.028043845823756484,-0.013165157312440848,0.006588865776260541,0.15179752651989697,-0.0330447947774574,-0.008296675099437842,-0.006396366753806037,-0.08701137698962981
2020-11-30,0.12095261041766249,0.1150898758770923,0.07984232694949152,0.0853602385086019,0.14424339998042734,0.07298899091338598,0.17064853759432544,0.2734519086698968,0.14261137441707497,0.15015482210412232,0.1339512372881665,-0.02410794525382857,0.10249613438489419,-0.022854119419436828,0.07520823486280276,0.03606818978073808,0.10241204471524817,0.04871743135750132,,0.11842688634967322,0.0966763002353682,0.12116010082197567,0.1767106334232217,0.11375483810294737,0.08328809325244031,-0.0247071391339986,0.14933957673084855,0.0018519476459247111,0.12722358324339705,0.10851758221059336
2020-12-31,0.03255456160427363,-0.06231959453621837,0.15539635259652182,0.18231499922340333,0.04506394502031684,0.06465930137807076,0.03646010054648764,0.4763807519656889,0.07658657942046275,0.15495402351699097,0.12237941370204802,0.09270398842260731,0.024699615951029742,0.08537008731922564,0.21953278000171503,0.07214428107282037,0.2975735976282905,0.018109469699703725,,0.5420104202200708,0.14287328646595154,0.2677757053349781,0.18381590656302554,0.059473753780951995,0.08022078080902234,0.040544301519128426,0.06187540371808745,0.005525130785084586,0.19284347954608033,0.10748591497013972
2021-01-31,-0.04731625590041558,0.30690880931827524,-0.18274394328386692,-0.15541381371513202,-0.12465327703769354,0.05913160671559141,-0.1266260433491073,-0.2049463349380532,-0.06297687989597092,-0.05707160451657271,0.019381976300703496,-0.03898859356290966,0.10981995932960635,0.20634934725729276,0.08019526659971749,-0.1082124708535585,-0.13360615059562606,-0.187256731970092,,-0.1391528755189873,0.0,0.015748356968139112,-0.07156266614961315,-0.05134674439462628,0.0437333456933891,-0.0848262607783897,0.006379606964038988,-0.04753206238841177,-0.080084309337609,0.020489290452471415
2021-02-28,0.20960541937557836,0.026434850319144308,0.08869194545410973,0.04499116115450589,0.1999299138248772,0.19500316633574596,0.1573279897125754,0.1675273050020683,0.12025858879656745,0.15250804993657083,0.16477944103859352,0.05461667678270765,0.0171706194599371,-0.00748867426460591,0.12136771624997343,0.17205027875828027,0.057201133364914045,0.15069818995174947,,0.1421945069398735,0.08231595257155158,0.2042155414286909,0.09917601747837933,0.05440183045644718,0.0830775302197809,0.09219252855307959,0.071321900699813,0.019270055515971923,0.28768207245178085,0.0352526925557639
2021-03-31,0.007557847594542228,0.0,-0.01501634994112848,0.008422714418222087,0.07495397232069483,0.019501253892254124,0.004463632419248229,-0.03707195724705425,0.048515665128454954,0.025976498082592787,0.017919812752438917,0.02407536045656981,-0.04004287051885672,0.011223113854186355,0.07871080220763456,-0.05471861393724632,0.046509012295379154,-0.03546323595266272,,-0.04468576609131454,0.15609507087344673,0.02887834073868694,0.010835320455024498,-0.035233144532120154,-0.04325168007653471,0.07849712889239242,-0.040791153643754956,-0.06301843930685903,0.11000089521432849,-0.015174798019235115
2021-04-30,0.039713328258006865,-0.026434850319144346,-0.04645133600083016,-0.039360875109561606,0.016064077974178737,0.04036114814837053,-0.07162567932920383,-0.07659505778428559,0.031688251613440604,0.21629251846865472,0.075220000709287,0.05775600853914027,0.08282955856234499,0.49000560621292416,0.2345367351436528,-0.09115850093267859,-0.07060065969339388,-0.07436381201184698,-0.04733653774819805,0.02645291547064879,0.10815381356343902,0.014742281737203431,-0.016297327661901097,0.05340894863129162,0.02035156508531254,0.10535956134962576,-0.037710674190866225,-0.051075223372155094,0.27017876190894563,-0.021639175103481182
2021-05-31,0.17801015558686384,-0.0550632342457894,0.17208879164311036,-0.05745725807045194,0.2635047283963186,0.19072972617129924,-0.010832849145950755,0.1049919819520581,0.21538823454673156,0.21069842554192034,0.22480591662988197,0.11641855807688084,-0.01718854971608831,0.024057014599195087,0.09245675752301648,0.08203930696520323,-0.04574883569141828,-0.07195002706032488,0.4184659939665214,0.3088960108064756,0.34658234355150813,0.26984093481051125,0.3124748681547029,-0.01410809084046859,0.03269024505906389,-0.10876268097084961,-0.12703305133911574,-0.03260832969978567,0.1679745759648356,-0.08474122845509066
2021-06-30,0.07528237040966347,0.026063841631043836,-0.030228271632871628,0.0764794437052185,-0.007569264602396345,0.04296180390101874,0.14968174958747876,0.20192926132706607,0.04907093301382439,-0.023039102923687462,0.13172124931491402,0.011740352254889829,0.0930219175859112,0.19797252328572337,0.1930904375784629,0.024338379080219335,0.025205315718014466,0.08384263254028014,0.008516606617602701,0.23316247789846375,-0.09946079353063805,-0.01879754596750234,-0.018876965025583385,0.16596156618880006,0.1398498732328256,0.012683509946252017,0.09943389698818687,0.011260971190542262,-0.021925938110478344,0.07689805099406476
2021-07-31,0.012538435148797036,-0.2532131596145593,-0.1394275411842495,-0.13353668619257283,-0.1720085607873314,0.06595344017936942,-0.03724552919976806,-0.037854909120167236,-0.05204821515061918,-0.0850648374261618,-0.10536477296069717,0.19282836445675447,0.07659354708716709,-0.15140214377179384,-0.009685874288325307,-0.06598909619646921,-0.11883826653327247,-0.061585596006557435,-0.029284090930038694,-0.007312814658847295,-0.023141528561694377,-0.030830958337657925,-0.04881285045217212,-0.17205618266585082,-0.08577917329876039,-0.10442071777644196,-0.0725264440682626,-0.04874140072899911,-0.1042250188447299,-0.1382669973703568
2021-08-31,-0.12193121433456182,0.1151284850059922,-0.0537408792284594,0.10927011393428847,-0.07859683046503031,-0.0065803872024061865,-0.002238100271415525,0.13964625192500718,-0.03851707963911485,0.04141429573949553,-0.03518103147954917,0.007430163085937661,0.017866924945560154,0.0038453369322619542,-0.051005383797708095,-0.031688394883427874,0.10207690930967422,-0.05826707167473467,-0.016531529621323773,0.1238960169277755,-0.08914195152865059,-0.052220699266221235,-0.0260021285173924,0.014180738136523995,-0.0177006952400136,-0.012440887471337732,0.11285448945523442,0.014981835594726772,0.009793187801311066,-0.012739025777429714
2021-09-30,-0.014175950298761541,-0.05029085655726862,0.012739436638712178,0.024266572258284328,-0.04500693687539686,0.006473111618992215,0.08159534256256354,-0.07640800031213969,-0.02146313649707771,0.07047008348717457,-0.001809635697871955,0.05477167078910607,0.14093072437602425,-0.023258485290690585,-0.07192462896013627,0.037503366035884445,0.024996005889799267,0.04178094725066637,-0.0041759399797981975,-0.041208688192456065,-0.062225536966816083,0.02242703578744421,0.19877971542692055,-0.02238281875228461,-0.03074138545097904,-0.0670212321131275,0.011006400417222017,0.04199746628185508,0.06746990961807868,0.06385147198653277
2021-10-31,0.044936272189580836,0.17255831231394944,0.05067459258367713,0.10243631995390318,0.03555488709172229,0.04107637219278382,0.24959384427122816,0.11915033674008585,-0.005882216799195607,0.07641854547621224,0.02305779008326588,0.05657187867110104,0.027789484038136525,0.06912380505632335,0.16007209432236624,0.047327786433474725,0.05692593679600961,0.025879910351879122,0.0911457947654235,-0.0037105793965356015,0.03442022388647937,0.03953083875663522,0.07520962474385719,0.008202080615760629,0.08796282319931598,0.08492587049860838,0.031553214001573814,0.012201497320273641,0.03922860428719778,0.0696799206379898
2021-11-30,0.00902859148560953,0.013135290034123082,0.06754988445717208,-0.0447170937136375,0.06304946299666617,0.0020571603757587108,-0.23627602314517757,-0.02545729685366789,0.18887827487692654,-0.154019503444992,0.017417793498250782,-0.011328802075837788,0.05549577568594434,0.006388882424580778,-0.02531161425500358,0.0,0.06503247027085457,-0.04134138234754787,0.06521823028974333,0.3222722544151882,0.08293037933073316,0.003868476777920332,0.0055612340936643315,0.009141107199749839,-0.010576858772969365,0.09169766518070842,-0.07469089260158923,-0.03477369272722608,-0.00927547477679663,-0.04590970130407786
2021-12-31,0.035407397965774134,0.18299586352822614,0.054846200846473625,-0.08552279802144785,0.03457312287220285,-0.04313353256854268,-0.02160162159993897,-0.04885495708666325,0.011431642820411963,-0.053498774831044295,-0.0034849164040957393,0.13767362196530983,-0.021833106043488745,0.07995937781223232,0.016950170642810184,-0.0037064248446259333,0.2595111954850846,-0.01967438003854174,0.14108371685519924,-0.07616446710202497,0.08614595071320094,-0.03536714383729136,0.20604656815898884,0.028342030118725343,-0.03121314995618313,-0.09903138060617878,0.046260241636808974,-0.013799429394175491,-0.05168950876357582,0.010016778243471209
2022-01-31,0.0014737118526942795,0.21309544266302555,0.2565418317160578,-0.02899089860763831,0.08479653666007685,-0.03836711812154654,0.12492128713344623,-0.16915160227549528,0.0016224759120457327,-0.09487154208071456,0.15368226582589015,-0.17881867917672947,-0.025337547228869623,-0.13008365374462108,-0.047326147742911835,0.03999699178407677,-0.040821994520255166,-0.0024685650956893083,-0.07664488558496509,-0.1396099748670724,0.12095261041766249,0.054488185284069776,0.021689434904684807,0.12172337286830649,-0.020953268319561184,0.019782008952038296,-0.051170235134364896,-0.022404463589476575,0.023458326298308334,0.14939329692498923
2022-02-28,-0.01902070854211691,-0.002535856955320297,-0.09281069922790276,0.08287161500869394,-0.10716883441461005,0.04158039015829296,0.07934145427223831,0.09034386523757369,-0.07038035236485612,0.11196066387700755,0.020560425082020814,0.0870120811274605,0.02607748777141333,-0.059295717966381056,-0.06600884212179939,0.10483265226553373,0.03221361998365506,0.13269332345900992,-0.10452197175831608,0.014310744082954161,-0.07898841131863032,-0.04652001563489282,0.007114335628562846,-0.051884835369011686,-0.035485532264835175,-0.23090555664969903,0.1391554168557354,-0.058223569165226634,0.03616426916935079,-0.04237302984879854
2022-03-31,-0.025393648440908436,-0.07351435620579733,-0.004587164006906043,0.03981065296182982,-0.02134227348177255,0.13701033994506973,-0.08577994470692375,-0.004396405647924107,-0.015778146108256,-0.045493637632442234,-0.043082236500274845,-0.09262145719890588,0.06958048740025001,0.06179571926846559,0.05158853428815832,-0.12099874532258682,-0.09042300606957854,-0.06571947396391646,0.07216244624823058,-0.0844176024175437,-0.035635064047384646,-0.01700891430132599,-0.05097408632849031,-0.02881351790474559,-0.022183445623717664,0.05310982531394833,0.0028510354308390845,0.03139751306075147,-0.02128292115805224,-0.0014936522567832536
2022-04-30,-0.010651957963760044,0.15725723959029497,-0.15510899326906988,0.009701272336011776,-0.15646460295765544,-0.018865820163321872,-0.02146558564667384,-0.16424592903508253,-0.11379194069830623,-0.04073895285038595,-0.10047265540114524,-0.021758381815748868,0.023052552595856816,0.023443393189939633,-0.05501261711080627,-0.1397638308440731,-0.18674774169951613,0.019308008252279022,-0.03472810755814575,-0.22464967879820857,-0.1348842676899421,-0.1187926268577359,-0.178116000497198,-0.014724192393936563,-0.1537072208399466,-0.014888612493750637,-0.07844256509724663,-0.08644741219587863,-0.013530466662938202,-0.07929560267053767
2022-05-31,-0.03577965854687335,-0.16135791823220758,-0.05376898088631738,-0.16602546025213857,0.005390848634876373,0.0456125863196996,0.10469162903824732,-0.13529598978052568,0.03108739696022214,-0.22142016237030904,-0.07126325460383029,-0.03152881870408297,-0.029239808909521183,-0.05001042057466142,-0.12505579498546318,-0.08700742837687615,0.029964788701936387,-0.054508711864010004,-0.08367673078071805,-0.12355896764767349,-0.21460609213371493,-0.16922586275449295,-0.03792944592495905,-0.025032596212617407,0.09718837929885654,-0.015113637810048184,0.007668749239300357,-0.034281651753709425,-0.1687588039462721,-0.024571260730505317
2022-06-30,-0.05118595499401486,-0.08713924605188447,-0.052337525108230344,-0.001908242560377951,-0.06477749831638802,-0.05113904154772974,-0.018862416613808584,-0.11108193389354624,-0.08388464087021892,-0.1630793105715596,-0.13691297859260368,-0.0035643619871787127,-0.007274178199057293,-0.04590970130407786,-0.05630004468853246,-0.08785386152837378,0.003683245416296368,0.007137302497062107,0.10917004407449393,-0.3551422833110948,-0.038773385925960746,-0.04402361491451823,-0.1752355682810252,-0.05336334287139696,-0.11401857840094085,-0.06962759064504245,-0.006899222460271821,0.006948078475163767,-0.06673312407304138,-0.054527987071175205
2022-07-31,0.024703571154215228,0.0925985180041345,0.10744788781874916,0.09617247724325877,0.03936778279101981,-0.03182707674417203,-0.04492000479890567,0.05811350203079961,0.006242490975925255,-0.03653374333245595,0.05821422811473362,-0.046786452590503486,-0.15882358552665074,0.0,0.01532597047822677,0.01967125387820985,-0.018553407895747834,0.15211950300367355,0.007877635042261518,0.12718075632503398,0.1387503085003144,0.06401095583913079,-0.020452255375676666,-0.0013377928416599422,-0.03606948381802946,-0.1384023228591192,-0.03363633485938072,0.04162747744263113,-0.010355776464414242,-0.019452425926815294
2022-08-31,0.002043498010781562,0.2245057794390235,0.06988612746416649,0.01203485512075473,0.037876484290498294,0.04802022776358356,0.08553742303595421,0.09760252484688685,0.10041353230677112,0.06744128079553248,0.10538449848612247,0.07619277737435688,0.19319122903085853,0.0946998654735099,0.04824683353938553,0.026406570078204877,0.047540944768999976,0.04294917157586649,0.012483995007588095,0.11702541886599176,0.004040409537004906,0.027327660228376502,0.05130490265495875,0.117336706704542,0.018197359051907513,-0.00469852078155415,-0.033161146064135116,0.03642407192925218,0.10252656186498002,-0.01077209698191107
2022-09-30,-0.10469107040856081,-0.015335065386962575,-0.1654644397275317,-0.08934663419463212,-0.1969411789201857,-0.07304650177315973,-0.06254790481125545,-0.23169834158975708,-0.10874554345348529,-0.08149303425118291,-0.1718178810208055,-0.14545497285970438,-0.14518200984449783,0.03597510245827798,-0.07717845607339087,-0.24896693489566982,-0.12540126654127243,-0.015548960764919588,-0.052507807078789756,-0.19238501660984295,-0.18555257737540104,-0.1810386829810654,-0.1133198631138941,-0.13762137787604772,-0.18494795357617377,-0.14685137734564674,-0.09210807517574522,-0.043313151754988205,-0.16273279551569653,0.01077209698191104
2022-10-31,0.008972524936279215,-0.09424270650098465,0.01899253582727432,-0.01886069816938127,0.05859416426605281,-0.06280143635594408,0.009950330853168092,-0.3467859306500485,-0.15503178567202563,-0.3035302646918046,-0.12220122933202736,-0.1466034741918754,-0.21536141087215477,-0.19297885126794267,-0.15643639510811427,-0.14353966468187004,-0.1766695433626081,0.0016180468537799805,0.011361318452086743,-0.19450104894783077,-0.24337102612686987,-0.2784936463973747,-0.1888020914719096,0.004089985251525066,-0.11926342082681775,0.007246408520767253,-0.03020824662863729,0.08227662991334925,-0.0961438605529023,-0.12945806723688683
2022-11-30,-0.013516266187917922,-0.012300278081651676,0.17360057128851006,-0.01562547790178804,0.10230707817093591,-0.013303484857247637,-0.008133799926770144,-0.01398624197473984,-0.053196308970344365,0.16187974762877766,-0.017117403486650522,0.1764564373415565,-0.1570618900347168,-1.0978982579344527,-1.1636085804705758,0.07603943204997063,0.11831966030033139,-0.029018257664726894,-0.026195157826782143,0.16633767140930308,0.21381222388532553,0.051496525767174846,0.06090977019422768,0.09716374845364767,0.19153821189887857,0.2281849735871359,-0.04369165949804824,0.05332577196925747,0.027150989065950898,0.21661824267928725
2022-12-31,-0.009095180198629085,-0.00247831601446709,-0.06275584503140379,-0.03893179720517508,0.0,0.030357239423075066,-0.08223809823697212,-0.028573372444056,0.025366952655195795,-0.021978906718775226,-0.017355561934092226,-0.09237332013101517,-0.027587956518829053,-0.5115396544996478,-0.0036697288889624017,0.07192641753746072,-0.0897462878562754,-0.061159884922466656,0.08729694043148087,-0.0839334561735657,0.11778303565638346,-0.001932367751053924,-0.044120055873058256,-0.012422519998557209,-0.1269996907613074,-0.25749110017263527,0.06119556102691971,-0.06661422345766713,0.06342182643749607,-0.1497957464338854
2023-01-31,0.17354772293179868,0.05079689328527472,0.15562997003784743,0.07839063394572282,0.11267316250411281,0.08234595380374711,0.04620648686606025,0.19074012725955045,0.156423461661432,0.2052058506275425,0.13391353675745366,0.08351063287316984,0.08058048665933938,0.014184634991956381,0.01821543989134112,0.1491811642916504,0.152136580455557,0.12435022524684947,0.026986307894033543,0.19912133466411006,0.18601841867528077,0.12868407339019786,0.17201237715074028,0.1386743946877597,0.05866191264858603,0.05953064949422573,0.06024851026806327,0.01305501570164365,0.08304635721774609,0.12157810662493507
2023-02-28,-0.06542813268143273,-0.013056565302427735,-0.022422464055832394,-0.038427377133885395,-0.10718367021934135,-0.03659827201363073,-0.026693672642478485,-0.1799292111553348,-0.08970224074390151,-0.09984533496971613,-0.12519810432169828,-0.20939087876217263,-0.15057285847937432,-0.2923879634891936,-0.3157498087861337,0.013495481474884509,-0.024491020008295755,-0.005302653247821107,-0.06256163934929646,-0.16852942120456063,-0.131951197405005,-0.1038499413524594,-0.07041424798926971,0.017260406932999992,-0.2041694963198244,-0.08208799691830031,-0.15100287353652733,-0.020970624314304825,-0.1316968663349295,-0.10648348040245006
2023-03-31,0.02430329894540171,-0.0096039153541804,0.04652001563489291,-0.0010314596066622707,0.06362569588021155,-0.017533953064033866,-0.014598799421152636,0.10536051565782635,0.12135555780718416,0.03922071315328133,0.05638875996450432,-0.05257781607990724,-0.03692335410459781,0.1807479923465242,0.21319322046104167,0.00401338331345852,0.0870113769896297,-0.012497888263148819,-0.009505774999700732,0.16389911340935778,0.09817688028640097,0.06748229718158465,0.05567013194109618,-0.02271595783453699,0.21588838043303793,0.04461706548880669,0.04974209189481401,-0.014676714415932846,0.21075035639886464,0.1014201784459033
2023-04-30,-0.03253745044141249,-0.05199190671789179,-0.06021885999305472,-0.07609454358856667,-0.012058716320127488,-0.020439795396851028,-0.0945261734921162,0.003220614700042157,-0.02365957938329352,0.04005246774122653,0.010894875483630011,-0.062313064428613084,0.0167206467870783,0.118657543801316,0.1239859797809911,0.0,-0.007604599385219304,-0.07123510244665346,0.01576805591451474,0.0023178338639921786,-0.03495501503357662,0.039763233172013114,0.06959434511542985,-0.009895627754223849,-0.03960913809504583,-0.054168236473149695,-0.0802012993795226,-0.060960699789687135,-0.05618082839794367,-0.06465133065881443
2023-05-31,0.04841759207360163,-0.008934328733765855,0.01142869582362285,-0.0316768566535702,-0.02990548277890462,0.08173364495466602,0.0,0.15736095545750658,0.03118784580408506,-0.021004272770532125,0.008080181213826549,-0.015162247739677523,0.0,-0.05756985182147782,0.031306904625044124,0.0013342230131366622,0.04112729142386279,-0.08490338131192458,-0.051350695748770346,0.07160365037464213,0.09062801745981817,0.015139061215684306,0.04916311883749753,0.03794493156412347,0.07770898432731632,-0.0019212301778939326,0.005141399500418652,-0.05732649519171839,-0.030614635819606863,-0.021898685307637573
2023-06-30,0.03931142021488814,0.01526747213078838,-0.014882930691710303,0.013698844358161927,0.05218575317057025,0.02233239935592231,0.0021528533611010927,0.06385147198653277,0.010810916104215675,0.20984800883296506,0.10745291221440659,0.04348511193973889,0.09947588821202728,0.09531017980432493,0.14035735769492244,-0.004008021397538822,-0.018484814674103102,-0.01879364213461861,0.06846488837014553,0.14704420777556262,0.07307598031806592,0.07708469638545112,0.0017793599000773578,0.06187540371808745,0.02765153133050995,-0.019418085857101627,-0.03337118836438965,0.07151113018367487,0.02809891122235965,-0.011131840368844181
