date,VNINDEX_close,VNINDEX_return
2015-01-31,576.07,
2015-02-28,592.57,0.028239828401046035
2015-03-31,551.13,-0.07249829350185757
2015-04-30,562.4,0.02024262450749977
2015-05-31,569.56,0.012650792416338631
2015-06-30,593.05,0.04041457956249099
2015-07-31,621.06,0.04614898314842911
2015-08-31,564.75,-0.09504454027560102
2015-09-30,562.64,-0.003743163348349854
2015-10-31,607.37,0.07649816854588774
2015-11-30,573.2,-0.05790346459163366
2015-12-31,579.03,0.010119593748209341
2016-01-31,545.25,-0.060109884620487795
2016-02-29,559.37,0.025566745359946248
2016-03-31,561.22,0.0033018350703511155
2016-04-30,598.37,0.06409630620165647
2016-05-31,618.44,0.03299088652070133
2016-06-30,632.26,0.0221005237188727
2016-07-31,652.23,0.03109655850414283
2016-08-31,674.63,0.03376713197885345
2016-09-30,685.73,0.01631957180848989
2016-10-31,675.8,-0.014586789964563375
2016-11-30,665.07,-0.01600487600621795
2016-12-31,664.87,-0.000300765450332631
2017-01-31,697.28,0.04759551893261628
2017-02-28,710.79,0.019189975770240234
2017-03-31,722.31,0.016077382097351822
2017-04-30,717.73,-0.006360955866357023
2017-05-31,737.82,0.02760643865492099
2017-06-30,776.47,0.05105811452979077
2017-07-31,783.55,0.009076869027023295
2017-08-31,782.76,-0.0010087403732200206
2017-09-30,804.42,0.02729538524551992
2017-10-31,837.28,0.040037021782372936
2017-11-30,949.93,0.12622975504534767
2017-12-31,984.24,0.03548147208266811
2018-01-31,1110.36,0.1205697962970256
2018-02-28,1121.54,0.010018453793345008
2018-03-31,1174.46,0.04610572663117793
2018-04-30,1050.26,-0.11177071492681011
2018-05-31,971.25,-0.07820912986479447
2018-06-30,960.78,-0.010838447119416847
2018-07-31,956.39,-0.004579674909136147
2018-08-31,989.54,0.03407440902906624
2018-09-30,1017.13,0.02750002613900838
2018-10-31,914.76,-0.10607847903319602
2018-11-30,926.54,0.012795482237890255
2018-12-31,892.54,-0.0373858874494014
2019-01-31,910.65,0.020087299667881062
2019-02-28,965.47,0.05845639915784418
2019-03-31,980.76,0.015712751913641795
2019-04-30,979.64,-0.0011426240786115921
2019-05-31,959.88,-0.020376880588696265
2019-06-30,949.94,-0.010409451943424842
2019-07-31,991.66,0.04298148189464151
2019-08-31,984.06,-0.0076934357968748155
2019-09-30,996.56,0.012622477774764659
2019-10-31,998.82,0.002265233656137534
2019-11-30,970.75,-0.02850561362219797
2019-12-31,960.99,-0.010104965522888453
2020-01-31,936.62,-0.025686352734423688
2020-02-29,882.19,-0.059870198045988476
2020-03-31,662.53,-0.28634161245447587
2020-04-30,769.11,0.14916816233485578
2020-05-31,864.47,0.11688260019239091
2020-06-30,825.11,-0.04659989160133122
2020-07-31,798.39,-0.032919510911200545
2020-08-31,881.65,0.09919795198521761
2020-09-30,905.21,0.026371809126797572
2020-10-31,925.47,0.022134755596588503
2020-11-30,1003.08,0.08052882892174644
2020-12-31,1103.87,0.09574692078128474
2021-01-31,1056.61,-0.04375651727540552
2021-02-28,1168.47,0.10062953070343703
2021-03-31,1191.44,0.019467458869230698
2021-04-30,1239.39,0.03945666349764168
2021-05-31,1328.05,0.06909237785476872
2021-06-30,1408.55,0.05884910551388211
2021-07-31,1310.05,-0.07249550203815347
2021-08-31,1331.47,0.016218290614311823
2021-09-30,1342.06,0.007922151901100911
2021-10-31,1444.27,0.07339825666233069
2021-11-30,1478.44,0.023383474214967243
2021-12-31,1498.28,0.013330305699955617
2022-01-31,1478.96,-0.012978645454227005
2022-02-28,1490.13,0.007524226411548948
2022-03-31,1492.15,0.0013546684475722564
2022-04-30,1366.8,-0.08774579166217457
2022-05-31,1292.68,-0.05575465856469214
2022-06-30,1197.6,-0.07639802857102607
2022-07-31,1206.33,0.007263138592144064
2022-08-31,1280.51,0.059675743360957725
2022-09-30,1132.11,-0.12317528787151989
2022-10-31,1027.94,-0.0965263486339919
2022-11-30,1048.42,0.019727469402572136
2022-12-31,1007.09,-0.04021928485132555
2023-01-31,1111.18,0.09835752961378777
2023-02-28,1024.68,-0.08104214501052767
2023-03-31,1064.64,0.03825634512259678
2023-04-30,1049.12,-0.014684996314802854
2023-05-31,1075.17,0.024527071078599656
2023-06-30,1120.18,0.04101059806778848
2023-07-31,1222.9,0.08773570053362702
2023-08-31,1224.05,0.0009399457158245496
2023-09-30,1154.15,-0.05880089062114148
2023-10-31,1028.19,-0.11556416745019107
2023-11-30,1094.13,0.062159552064105915
2023-12-31,1102.16,0.0073123638324216035
