date,gdp_growth,risk_free_rate
2015-02-28,,5.4
2015-03-31,6.03,5.2
2015-04-30,6.03,5.2
2015-05-31,6.03,5.1
2015-06-30,6.47,5.1
2015-07-31,6.47,5.1
2015-08-31,6.47,5.1
2015-09-30,6.87,5.1
2015-10-31,6.87,5.0
2015-11-30,6.87,5.0
2015-12-31,7.01,5.0
2016-01-31,7.01,4.9
2016-02-29,7.01,4.9
2016-03-31,5.48,4.8
2016-04-30,5.48,4.8
2016-05-31,5.48,4.8
2016-06-30,5.78,4.8
2016-07-31,5.78,4.8
2016-08-31,5.78,4.7
2016-09-30,6.56,4.7
2016-10-31,6.56,4.7
2016-11-30,6.56,4.7
2016-12-31,6.68,4.7
2017-01-31,6.68,4.7
2017-02-28,6.68,4.7
2017-03-31,5.15,4.7
2017-04-30,5.15,4.6
2017-05-31,5.15,4.6
2017-06-30,6.28,4.6
2017-07-31,6.28,4.6
2017-08-31,6.28,4.6
2017-09-30,7.46,4.5
2017-10-31,7.46,4.5
2017-11-30,7.46,4.5
2017-12-31,7.65,4.5
2018-01-31,7.65,4.5
2018-02-28,7.65,4.6
2018-03-31,7.45,4.7
2018-04-30,7.45,4.8
2018-05-31,7.45,4.9
2018-06-30,6.79,5.0
2018-07-31,6.79,5.1
2018-08-31,6.79,5.1
2018-09-30,6.88,5.1
2018-10-31,6.88,5.0
2018-11-30,6.88,5.0
2018-12-31,7.31,4.9
2019-01-31,7.31,4.9
2019-02-28,7.31,4.3
2019-03-31,6.82,4.1
2019-04-30,6.82,4.0
2019-05-31,6.82,4.0
2019-06-30,6.73,4.0
2019-07-31,6.73,4.0
2019-08-31,6.73,4.0
2019-09-30,7.48,3.9
2019-10-31,7.48,3.9
2019-11-30,7.48,3.8
2019-12-31,6.97,3.7
2020-01-31,6.97,3.5
2020-02-29,6.97,3.4
2020-03-31,3.68,3.3
2020-04-30,3.68,3.1
2020-05-31,3.68,2.9
2020-06-30,0.39,2.8
2020-07-31,0.39,2.8
2020-08-31,0.39,2.7
2020-09-30,2.69,2.7
2020-10-31,2.69,2.6
2020-11-30,2.69,2.5
2020-12-31,4.48,2.5
2021-01-31,4.48,2.5
2021-02-28,4.48,2.4
2021-03-31,4.72,2.4
2021-04-30,4.72,2.4
2021-05-31,4.72,2.4
2021-06-30,6.73,2.3
2021-07-31,6.73,2.3
2021-08-31,6.73,2.3
2021-09-30,-6.17,2.3
2021-10-31,-6.17,2.3
2021-11-30,-6.17,2.4
2021-12-31,5.22,2.5
2022-01-31,5.22,2.6
2022-02-28,5.22,2.7
2022-03-31,5.05,2.8
2022-04-30,5.05,3.2
2022-05-31,5.05,3.5
2022-06-30,7.83,4.0
2022-07-31,7.83,5.0
2022-08-31,7.83,5.5
2022-09-30,13.67,6.5
2022-10-31,13.67,7.0
2022-11-30,13.67,7.5
2022-12-31,5.92,7.0
2023-01-31,5.92,6.5
2023-02-28,5.92,5.8
2023-03-31,3.28,5.0
2023-04-30,3.28,4.5
2023-05-31,3.28,4.0
2023-06-30,4.05,3.8
