date,ACB,BCM,BID,BVH,CTG,FPT,GAS,GVR,HDB,HPG,MBB,MSN,MWG,NVL,PDR,PLX,POW,SAB,SSI,STB,TCB,TPB,VCB,VHM,VIC,VJC,VNM,VPB,VRE
2015-02-28,-1.154982540961591,,6.290514014425264,8.695351650250572,7.777871408106507,2.742140828518269,2.5979350702597825,,,-1.476997578692496,-0.700372072663602,1.7851788638512778,8.060145117580198,,1.1797896896640125,,,,3.806825181717377,2.1064653258042076,,,7.568204963284564,,3.126666343497009,,3.8469981341235915,,
2015-03-31,-1.7663043478260865,,-5.377082975433778,-8.800992019331655,-10.828772478498827,-0.8197502621294483,-16.45716776865509,,,-6.3652002949127535,-2.8432885166409516,-9.943123881171967,-20.144001294393654,,3.4980988593155793,,,,-11.405174460004751,-3.6102653327533707,,,-8.595346056106434,,-5.053116480210584,,-1.8522433018020368,,
2015-04-30,0.6085753803596106,,6.817356572258526,3.510790363630023,4.050854888206934,6.400768861124462,0.0,,,-0.23622047244094002,0.7259528130671544,5.195883551820457,1.8640461959274601,,0.0,,,,1.9825853985264486,-4.280556988138217,,,3.134539904055833,,3.406109213327402,,1.8871988154529618,,
2015-05-31,19.906516359637074,,13.622843545508623,6.783428763893573,8.334035560798858,2.4026736518832914,-4.55079144198991,,,-7.419100236779796,0.0,3.705032529659391,-10.442565887618105,,1.6654420769042444,,,,3.8880861683961543,1.1179956896551824,,,19.609915957503034,,-2.2645664767558804,,-2.779686096284939,,
2015-06-30,6.214171061683094,,9.401645474943908,11.717764319959635,3.336963285625383,3.1048778336420613,-0.7995626324062033,,,8.667235009946017,9.414414414414418,-3.5726641603431974,-5.763464741810109,,4.986750180679356,,,,13.541534960171964,2.764086852271208,,,15.161960316408152,,15.02890173410405,,9.65103005924879,,
2015-07-31,5.375647668393779,,15.389348465167153,28.049916711369605,17.184794881445242,1.9419967490803325,-4.8383393037567775,,,12.447698744769875,4.652120214079858,11.11270570225793,-2.722130567994341,,22.44148692060579,,,,11.937639198218264,2.151792079849635,,,2.2524942440521833,,-0.9198535048121959,,6.194076093691914,,
2015-08-31,-15.283753329235816,,-4.888019907571984,-11.430083344357723,-14.221479958890026,-4.506545820745211,-16.94939793923892,,,-4.302325581395349,-7.7301337529504295,-10.55667972618074,-7.692307692307687,,-14.898800599700145,,,,4.586152009550348,-12.632447179747475,,,-14.830937816639766,,-3.7135734548267907,,3.725142376995616,,
2015-09-30,5.997581620314385,,2.155360368778414,0.0,1.550097349108892,0.6766851217154368,-6.531655867739783,,,-2.2600243013365717,9.145171605201451,-8.074608904933811,-7.585301837270341,,-9.997797841885047,,,,-9.264719870636352,-1.2055192447349317,,,0.9429389733421445,,0.4820998125167453,,0.0,,
2015-10-31,7.232489162673961,,1.6891273858162137,31.1849639034105,6.127866676498783,10.789106145251392,4.463924896639626,,,3.630034808552951,-4.00390625,0.0,21.314967338824186,,-11.793491558600444,,,,2.128105671454028,-0.029403116730375434,,,11.18774280850321,,9.115948467347845,,17.99954995499551,,
2015-11-30,-6.744680851063833,,-15.351403214200044,-11.47693417082566,-11.541133963312955,-2.024897573274509,-11.965481327183458,,,-3.190978886756235,-2.075279755849435,-5.406466815028144,1.3578368254711481,,6.296809986130381,,,,-5.419831656743989,-19.11764705882353,,,-10.062028894472363,,-5.935998697174494,,5.084002364652274,,
2015-12-31,2.076203513575181,,0.977614054973075,-1.8499860661536194,1.0839682664362638,0.0,-12.134937804218493,,,-4.262701363073107,3.5528776231041004,10.716855798505387,4.665665781268036,,-1.4874739039665963,,,,-2.203169090514434,19.090909090909093,,,2.3309616308001324,,6.778047091412742,,3.22656746211778,,
2016-01-31,-4.04559678140367,,-18.443945559141294,-3.774079412920983,-7.521951977620633,-3.9324487334137515,8.286527660229282,,,-5.824488739321776,-1.3844301765650102,-6.4521773911304425,-8.286439368862409,,-2.251655629139071,,,,-7.657307734990571,-13.740458015267176,,,-5.694663652262932,,4.154843940008113,,-9.375384561292478,,
2016-02-29,3.680409969718146,,5.350537634408603,1.9610513414136,3.487101924208047,3.0135610246107447,8.927810146369186,,,1.4568444200109942,1.4038657171922653,-0.6894524464872709,4.1746871992300205,,0.7588075880758716,,,,9.758442494892439,-2.6548672566371723,,,-0.967975393522702,,-7.351624829733416,,10.345295829291956,,
2016-03-31,-7.099528195911031,,-5.650363354290844,-3.8466675570989706,-7.867814225397851,-1.4627011214041974,0.2967939727993141,,,5.743700894066639,-2.06661316211878,-0.6942388935231247,0.6698233052315539,,13.743948359332968,,,,-6.219205080477385,-6.36363636363636,,,0.0,,7.027640090733422,,4.686813283406299,,
2016-04-30,-2.200725513905688,,4.794461272176553,22.00074084363568,1.2249933903234256,3.1832426191654273,24.38865764828304,,,13.553676658980262,5.593116164720335,-2.0999864517003086,-0.6653665251806773,,-3.357767793804678,,,,1.4127262113251549,0.0,,,12.195121951219523,,11.232779936418225,,3.7313808796117565,,
2016-05-31,2.7942631058358147,,3.997027004707232,-1.6395620244036624,7.226188403273559,-1.4146419437340185,17.648750392136357,,,0.902527075812265,3.317811408614668,-0.714088015499581,16.89571544058206,,3.4744311230731517,,,,0.4720239465807019,6.796116504854366,,,1.522553330076537,,0.0,,2.1579705687134743,,
2016-06-30,3.271590089006504,,-3.843405066306682,-0.4109351185538124,-5.618707372523546,2.448317794892585,4.166388907406171,,,17.151162790697683,-4.488262910798124,-4.315343443354147,43.33135743924126,,-7.377630645542677,,,,-3.2542683625529922,2.7272727272727337,,,1.2871922367471367,,4.548181080413527,,0.7257860040567943,,
2016-07-31,-4.728627999068246,,0.5698240977785041,0.0,5.953200275292492,-1.9150114742423008,-6.39959042621272,,,12.387860278679131,0.6685017695635009,-3.7612166414170867,8.946787979046045,,-7.250446770487617,,,,10.09119981049389,0.0,,,14.161289045488745,,3.23995950050624,,12.055945376168143,,
2016-08-31,-0.5623471882640563,,-6.815569058958781,5.08330104610617,-2.2491068528743052,7.075433642597817,9.401066593737184,,,14.11345108695652,-1.3281250000000022,7.813398722489628,7.459192711628493,,0.0,,,,-6.551909628832709,-7.964601769911505,,,0.0,,-5.688133376920568,,21.84204984204985,,
2016-09-30,1.6719940988443538,,3.657032076136768,14.355504756286418,-2.5832710358003164,6.261301989150092,10.913901214507437,,,6.7718410477749735,0.6730007917656433,1.8840905261975571,-3.3323520753606117,,0.3853564547206201,,,,4.213677181671649,-10.384615384615381,,,-2.2714662227770854,,13.327556325823231,,-10.255582954990661,,
2016-10-31,3.8210399032648112,,-1.7682563971775922,-9.732230658864117,-0.588335607094137,-6.750336807771395,-6.382179482363548,,,-10.830777808753833,0.6881635863153823,-6.542648477332236,4.1659053535538115,,4.2774883465862334,,,,-1.171011931064958,-5.364806866952787,,,-6.004045278733894,,-4.4930417495029795,,1.4278010323309553,,
2016-11-30,0.5357558816678321,,-3.5136304630030257,-8.124084723363223,-4.451496697830004,-0.3421793019542263,-3.181927614156166,,,3.3140534625605733,-6.639328256199962,-2.435787797469846,13.792901830088278,,3.970549566132009,,,,-5.466130114017442,-14.965986394557829,,,-2.2235644984710645,,-1.1753026324217042,,-2.8166696204775077,,
2016-12-31,1.1353104726598673,,-7.184500852094356,-1.0205073379337182,-6.526032315978458,1.495498245078597,-1.6867669609183955,,,2.496595551520664,4.873457435682904,1.091128910382344,-5.451649367999178,,-2.959028831562971,,,,-1.5135390800520288,26.0,,,0.7104247104247063,,0.0,,-8.985397751696645,,
2017-01-31,34.11225658648338,,19.008504058755314,4.98232521602513,28.45481609526552,2.5033829499323312,-0.8241295000421589,,,-1.9781517567168616,1.0570402871958429,-0.08072714225916267,2.565077984892117,0.8345357407479659,5.342715663278597,,,13.202145680406542,3.061592027854476,7.9365079365079305,,,10.861064253948772,,0.0,,2.706416109687848,,
2017-02-28,-2.972326614280829,,-2.6634185952090994,-2.6189273621789466,-1.614832535885169,1.6574990832416647,0.3336662912035271,,,-5.436746987951812,2.8024472074205553,-0.6074388820730747,4.4349070100142995,10.561936806280702,3.6120732310737313,,,0.580603648226008,4.951071761416581,0.9803921568627416,,,-4.834526403153849,,7.142162740205449,,1.860316044703314,,
2017-03-31,6.989436619718314,,6.6905814632518545,-0.5032944656818472,-0.8206686930091189,3.1671596565904236,-8.790510485066727,,,14.301640388596915,9.656363985409877,14.754937379576116,0.720446473871128,3.281096963761021,23.447946513849093,,,-11.15028887401126,12.50971250971251,11.165048543689316,,,-1.3372578945455849,,-7.110667513534763,18.610989438847515,9.056459225412805,,
2017-04-30,-5.315122593384891,,-5.418719211822665,-3.2107346268944847,-4.144958627030338,-1.7972027972028015,2.1597770552717055,,,-3.7620175560819313,2.9236694677871045,-5.525093790172364,-0.7757404795486589,2.167581114949546,43.61702127659575,,,-0.05023414694046435,-8.178768745067089,0.8733624454148492,,,-4.8764318072999195,,-2.155509247199794,-0.3118460465307171,3.280354253170592,,
2017-05-31,7.76850886339937,,11.152447089947092,0.5246150163568108,8.3526496682919,8.481093783379624,0.17958626960672408,,,3.402345446648325,19.30600442252084,-2.8130293521424043,12.909940095441153,-5.231054829940995,1.562289562289565,31.188670829616406,,-5.402884889233883,13.237348232513169,8.225108225108224,,,3.132380841754756,,-1.5873544093177983,0.5433216711257405,2.0429480639362563,,
2017-06-30,3.5961941622318916,,10.568984752696164,-0.17462049806528102,7.7161404544113354,8.95365629512932,6.526129478771936,,,12.18146177541306,18.306244653550042,-2.7773015600891515,10.053504788453749,1.490135721281649,18.976263095080228,12.745431364215886,,10.153722638078811,11.490653762216517,10.40000000000001,,,6.356059468388642,,6.086633077469306,-1.1735647712231012,5.277691813269225,,
2017-07-31,0.3891656288916634,,8.818781111260598,2.782912914703717,0.7396247089439756,3.1991806241715937,7.37671743529662,,,0.948577134298545,6.724511930585675,1.9044260271557034,-2.328716754504223,-0.7341283518301545,-1.6161390994204217,-5.1528515963662365,,13.730197860618665,-4.876595744680856,-5.072463768115942,,,-1.9485333050937248,,4.213814426417617,-0.5578492426229986,-3.1724855282199704,,
2017-08-31,11.22654675143433,,-3.776967299252021,-7.540565107238861,-6.614547926580561,2.4169537042442624,0.0,,,8.50642927794263,-0.2145438121047838,10.982292207417665,8.85514702806709,-10.815596680670813,2.3677353574260707,6.370717748986565,,5.951954612281818,-4.750827592377204,-10.687022900763354,,,-1.7208481837491463,,10.114696436764037,0.32075759890026756,-1.7806683636533482,,
2017-09-30,6.622054928202981,,-5.3128613645124005,2.0414993306559603,0.4658950280264973,0.5187254175454514,12.006030788763677,,,10.9845031905196,-3.9493040624646425,15.999688165895742,6.305717798954813,2.160710114459241,8.543603364320496,-5.5389501214272325,,3.585549284624645,0.0,6.8376068376068355,,,3.5422542950291236,,4.4886395200266715,21.290554755840986,0.5397244314466754,3.3020004820438764,
2017-10-31,0.0,,11.479747608385903,-9.091095441128239,1.354974277226284,3.385505273902689,3.4732554020545425,,,-4.887063655030799,3.91140433553252,7.986290015457342,10.489788541478395,-0.9755725772645829,3.609298531810756,-3.0119647977850272,,9.846334834634995,-6.30283674619575,-12.0,,,10.107549706361008,,14.259131266946667,4.250827342234387,1.2060871930094308,8.411105926271588,
2017-11-30,14.05596234309623,,17.393950459497297,19.79977000608808,29.59679725478983,15.868575503263681,12.747128601016765,,,11.355785837651133,13.276643990929715,12.772798937847485,5.057742009356492,1.1468154704637357,12.654989175359187,1.3070429427837427,,15.195706725244484,19.027568922305772,19.090909090909093,,,17.151302894965138,,27.35098413289283,19.681462426796557,23.642672710915868,1.2267297966211066,
2017-12-31,5.731972945087693,,-0.5858261185131441,9.015622059100314,-0.40820829655781043,-2.2249573944328693,22.208052468573513,,,13.716556804963155,-0.7807026323691346,14.308051728261063,-2.96141749447264,5.684282616139713,0.2882599580712686,20.968943099249238,,-24.22477003518606,7.066453297397457,-1.9083969465648831,,,11.957982501851294,,3.757901275165332,8.74102528924865,12.277585115329725,-0.3614329754438206,-3.777617551630019
2018-01-31,13.01095088366042,,34.12077596996246,25.573204419889507,12.396144898637429,10.157838675317121,27.92685350824886,,,32.98099053789105,28.05407041258954,20.07756803295837,-4.197419934535651,23.350253807106604,10.504311471126204,17.99970050415134,,0.11418387634110072,18.39993706733796,26.45914396887159,,,22.652556282305667,,11.25451184083106,31.69683410153752,-2.444874600235647,30.001066894270778,17.499397864425823
2018-02-28,12.712270939268922,,14.036315564368751,2.0733652312599604,23.526512911492215,-4.927039381153309,-8.587437849596025,,-4.721366902131252,5.9358974358974415,7.838348826217101,-3.1481605575286453,-1.1958196556575373,6.847036161456965,-10.018128793252934,1.5820866058461114,,-4.777282302899644,8.21207893163245,-0.9230769230769265,,,10.809299352880085,,10.348647664867784,3.6269694782758544,-3.685459172669625,11.817808781288463,-2.8879879743087478
2018-03-31,9.295199182839632,15.302105884668382,11.27893893416072,12.902747844827589,2.98013245033113,1.502473302205165,15.364431177164217,,3.3774792471960025,-8.48360159748276,0.8766162612316553,27.241026208728858,-9.031426924772013,5.244611980660485,14.93517869656622,-6.8974611679460285,,2.2959351426504737,5.691655921900907,-3.7267080745341574,,,-4.470079307858688,,23.499125147003987,11.949635144463077,3.5721003555977626,8.220183486238541,-4.83371640320841
2018-04-30,-9.205607476635514,0.40112656823418913,-16.818335018537244,-2.6449850272611264,-15.317863092240348,-6.0940061942065915,-15.145125050646435,-17.888086642599276,-6.754934412161329,-10.929648241206024,-13.838800782098627,-19.11867061075344,-8.724331979279242,-11.126683796620728,-2.4769453547747844,-26.28369513358778,-18.073886959267448,-11.471352612197293,-7.691413965377015,-10.64516129032258,,,-14.894339622641507,,7.508912914726351,-16.480497674034524,-8.86699933408861,-17.056629365886742,-9.569460531828378
2018-05-31,-5.66134843026248,-6.001360081604901,-18.977456902902613,-5.977794661895541,-7.511780044832794,-4.7288776796973515,-18.923699660332726,-11.8817322488459,-8.87457270575861,4.275851829856725,-2.6727181038830095,-11.76518044425321,4.119712559203004,-17.07260089948017,-9.338855892466391,0.48540743886900106,2.9445771987975045,12.676151304699612,-11.11390811831341,-15.162454873646213,,-7.287623975851664,-9.832394803352107,,-7.937176620542896,-20.044954485231592,-11.243333523126264,-15.887162714636139,-7.129230936937914
2018-06-30,-11.002000363702491,-19.149032374751307,-11.111111111111116,-6.012460247119544,-10.515902458327153,-9.779565239525533,0.11778720670316822,0.0,-3.9171836675804372,-4.200185092902398,-9.965457685664935,-2.4686842827100652,7.344810007450686,0.0,1.99120765451255,-0.958074190366931,-6.432047922126549,-6.0416215942516,-10.93882752761257,-1.7021276595744705,,-1.7790697674418654,7.206609131813813,-2.3457176495134235,12.102688052188814,14.286185376631288,4.127018069068744,3.169048313405276,-9.765831328129583
2018-07-31,0.5619125459746632,-6.839662211285724,1.1558919803600576,-3.9355992844364973,-2.6808910507987394,3.1317007109807005,-0.7901175149400363,-10.103529998752647,-1.5241384488324905,-2.7346362487924547,6.502973335891049,6.582606793537704,2.4548841966829826,21.569939428088468,-14.004394861392832,3.4182128558944758,0.0,-8.869379476577278,1.4071070832339716,-0.8658008658008698,-9.049270431198064,-7.268852847164675,0.8623457639557852,-1.8694583911975204,-1.0225655195511996,1.8336843927633684,-1.0586302495122712,-5.578064637708469,4.6373983739837366
2018-08-31,9.214670324088182,-15.818225477248172,30.79684497926989,19.976036839749977,15.0460070430535,5.684740384089282,19.669038378611468,0.0,7.166819152180537,6.9600427840171175,1.071685878962536,12.825624862566887,2.741923982029526,4.83763506271544,-3.4103194103194068,12.065475839572404,7.634443021766968,9.975593234917813,9.344622138601434,-0.8733624454148492,-5.39568345323741,5.489595301927741,6.837509663922869,-5.710553326490619,-2.8202226992502633,8.032868173124609,-6.836932720347866,-4.420716495359745,-3.0768274490303282
2018-09-30,0.27906976744185297,32.21136703986309,2.3271096679423176,5.946264634043619,1.4712416687237662,4.747359701801623,12.33052565199766,3.7463577077841093,1.8355150825270394,5.885714285714294,-2.5305176868929857,-2.3153682241047746,5.996876626756897,2.3072034483711423,7.844932844932839,4.720405407774986,18.438661710037184,-1.5486141663000441,6.015199311729291,18.94273127753303,10.836501901140693,-2.601960547016824,0.8002554006597773,1.9231403595579843,-4.932535364526657,-1.527112976198286,6.516581078522021,3.4767174775527154,6.4804720066696575
2018-10-31,-11.14100185528757,4.0614886731391575,-16.195081409844736,0.10221116827364707,-15.063494380382425,-9.395541936440466,-10.111875213024035,14.457670188578309,-15.572167109123935,-4.85024284943335,-5.201572355791207,-10.559708440850201,-11.318469043643386,6.916761194836063,-4.000377394093779,-16.196982635923707,-16.767106089139983,0.6772524602536301,-11.83471968621086,-7.4074074074074066,-7.718696397941683,-1.3419483101391627,-10.609995565971996,-21.718234189915208,-1.1182712007966389,-11.749156018404461,-15.441168780916325,-20.149329028352337,-12.834643298099802
2018-11-30,-1.6494414865852347,4.877416679624735,6.441579516768847,-2.345052925359925,-1.7127799736495364,2.269255945886983,-12.692517871680774,-2.103295162421126,-8.53951179147704,-17.518610421836232,-1.5911282545805205,-3.6152461966301286,-0.11814221368973143,-4.21855659686261,0.37346437346437167,-2.521579283887465,6.4786182970058,13.298087450558782,-0.5292628672240562,-2.8000000000000025,-3.1598513011152463,-2.7078085642317395,-0.35903250188964453,17.17002583979328,4.629007987035538,-2.019828574877769,10.250321559315335,-2.8051554207733087,3.019519778891011
2018-12-31,-0.6687188196582095,12.558070574280912,9.55405920467538,-7.098378177424602,-16.0857908847185,-1.6321740985705158,-4.625348082671232,10.754356648364771,1.0042522392110786,-6.773250816572118,-9.750122488975988,-3.124421403443811,2.957048865232492,-5.725663950207027,-3.7697052775873874,-8.621325790185708,8.110213911318876,6.999956470639446,-6.485194324491051,-1.6460905349794275,-0.7677543186180413,1.553398058252431,-3.430210506353115,-5.656216368800838,-6.292801115179946,-8.396799605726212,-5.487750157049264,-4.09516380655226,-9.121700928937926
2019-01-31,-0.6732207736695917,-4.957189901207459,-8.430940507943873,3.5952779931470946,2.076677316293929,2.3695911506344203,1.3848523404540236,-2.920573337644139,0.6538874955213103,-10.501567398119127,12.595005428881656,0.2580151942281006,-4.598980397788466,-11.839086890840933,0.9768009768009733,1.6980708838044034,2.810718731573081,-12.897307280797033,-2.0697616887936032,2.9288702928870203,2.5145067698259194,4.257488846398982,6.168839138866389,8.991117344553533,9.02468683958868,2.9170694800554786,12.499406542277924,1.2606750711671388,4.660688586294692
2019-02-28,1.011296395911776,10.870368659336593,3.1746031746031855,1.9531391460750003,5.579369939443435,2.3147412468880857,11.845599017160069,-1.9982238010657238,-1.6374477173622837,21.3042134542083,-1.8225650916104175,14.414843762410845,4.579836676325599,1.5897696261978789,1.3603385731559836,4.823874539559303,-2.1284731073158314,3.004091393128694,6.896261367463796,0.0,0.0,-0.24452867098667674,6.513294797687852,9.374946382307026,9.720071471113755,-3.6438635899530336,4.518742812529664,2.476572958500678,13.013891827092582
2019-03-31,2.023644690595372,3.920996708196167,10.155482815057294,1.0632377840135376,7.93323451698138,2.9405674052598973,1.993716485956587,20.412324422292706,0.0,-4.169851380042466,4.18426480699341,-5.174735848270695,-2.3029866858582215,-2.957988442917381,9.195745103887077,5.134247958926008,-5.899205625732518,4.041897161512642,-2.5049231981094877,-0.8130081300813052,-3.396226415094339,2.4145115823017482,11.240150215989765,4.5727642085117814,1.666979204705843,-2.1006408734868254,-4.464700300809565,-2.4167210973220166,4.848220135400738
2019-04-30,-0.6576886940181659,-9.05773857257418,-2.793254587326355,-6.736412947971459,-5.3439216622880314,8.901629450814719,14.867869467540595,-5.936030103480716,-6.3331222292590255,4.351293867422901,-0.02828320920147398,3.083635937683016,0.1178637200736743,5.916055104931117,1.3474144209759675,4.881514690577227,-2.311098809853307,-4.20520017084034,-5.146642966793246,-2.049180327868849,-5.6640625,0.4667304930588756,0.8917943213972102,0.5460382226755822,-1.8978739928162347,0.3584850111701954,-3.709730249463772,-5.702811244979921,4.046775969292105
2019-05-31,-3.6569987389659553,-3.319959437414577,-9.484142147497131,-13.319180474078918,-4.472339620261145,-0.13854253255749516,-7.5358140191344125,5.410541054105411,-2.8494156283202954,-4.467091295116776,-4.356846473029041,-1.265589045765747,3.160179530571705,1.8598431896918566,2.973409989220266,5.3870961586168775,3.038674033149169,11.622119606014426,-3.688245315161842,-1.673640167364021,-6.418219461697728,11.947587849910658,-1.0309078952458361,-10.870408498194728,0.791648112414034,7.42018981880932,-0.230434973445115,-4.4576944917660395,-0.47759315926444446
2019-06-30,-0.3490401396160525,9.49927033929223,0.6374535629854794,5.209842907657536,-3.9421553090332795,3.172401035886052,-6.518894873416336,7.694497153700186,0.7357327500497224,-4.907102853586986,0.23663971603233858,-3.262792939247028,7.781462857957999,-0.9964795035503293,7.851347814708198,-5.705645891427946,-0.32309067161614413,2.9965233481828113,-0.1945697355620446,-3.404255319148941,-9.95575221238938,-4.39455203234731,4.909222380738343,-3.2926012721794407,0.9592067154287953,2.8112449799196693,-3.8989463496183596,3.8484398216939164,-2.8735632183908066
2019-07-31,2.637915936952706,12.45262587980509,11.984563110868752,3.9601096433835137,6.413693545060828,6.37382339757957,11.896569822367887,18.25389833494846,-5.635609948677455,-4.038515471627557,6.226637812315561,-3.6152461966301286,15.087847003937394,-3.188283510125367,1.9170104343605887,10.083533365338448,-7.241379310344831,1.4542763639529444,-6.451041205139562,-5.726872246696035,0.9828009828009909,-0.21146355036171238,13.75905813975149,11.223235767573092,5.44577563404387,4.218750000000004,0.16251416276593655,-1.845757619115751,9.319526627218933
2019-08-31,-2.634104724325481,23.213955038702274,9.158675456997312,-9.523809523809524,-2.6485788113695063,11.81527052081577,-5.670269650507098,2.175370632496465,0.18826482585503346,-1.5586945932781315,4.046670988054446,-5.750478306486451,9.455768622603,7.974849031936748,-0.5634920634920659,-6.107176499319678,-8.513011152416361,-2.1503405128365127,-7.331628303495307,-2.8037383177570097,4.622871046228716,1.9629712246263642,-3.1162493654510626,0.7470003268126524,1.2293418916924814,-1.0494752623688153,-0.16225048275231302,9.431486880466466,-6.765899864682002
2019-09-30,5.399780941949617,-9.567465207851155,1.674616519680172,-1.5801189116363523,4.698075646980748,8.663702140488393,5.666360954264693,-8.669340138534453,6.545568430942694,-1.1182582879762482,6.4702741189035295,4.112302529262513,7.8719268753939975,2.407172509225086,-1.3249261712826255,-1.6256386437529025,0.0,-2.890399218703288,6.98149851783707,1.4423076923076872,8.604651162790699,-3.6534675125793004,5.6622270299506505,1.708451117598897,-2.9964014029973174,4.318181818181821,7.203268594710277,8.618622618889038,-3.9187227866473107
2019-10-31,2.9928296788943154,-2.243568437146848,3.0476897634074795,-3.6082550924754875,4.018253264038529,0.3468007629616743,-2.6341932717747096,2.1874501037841387,6.310013717421126,-0.6905524419535625,0.8777062609713226,-5.478245829205786,-1.190679101025105,-6.739295667595647,0.0,-1.9830028328611915,1.1702559934985812,-1.176040785833321,-3.038410089814636,2.369668246445489,1.498929336188426,0.2270663033605791,6.820872124644084,-0.33564691766778676,-0.6677561140538746,5.301379811183726,0.23166188041121583,-2.4895756683836145,0.30211480362538623
2019-11-30,-4.146907476541218,-10.489272721090748,3.176994628586405,-1.1530980828007742,-7.043626614672194,-2.5920165889061653,-2.898784207586891,-2.8515625000000044,-10.018433179723507,4.817091605361279,-3.6957242293669257,-5.659341573370158,-12.520946278955147,-4.539829152706087,-0.7603332524468209,-2.867052023121386,-1.9198329183066964,-13.244084087576692,-7.252660622782814,-6.481481481481477,-3.3755274261603407,-2.4467603081105627,-2.7359309952379562,3.258053701502539,-2.7731291069824637,-0.06896551724138167,-6.538641785957733,-6.288517167651864,3.765060240963858
2019-12-31,-1.2947368421052596,10.256020663982369,13.948320741540222,-2.417427969079411,2.202412165705292,3.36703920525101,-6.765919322191372,-22.058705267390433,3.963945508552702,2.845880203826545,-6.091894682498711,-19.287263493854812,4.588861658074883,4.7557312252964445,5.754340207025832,-2.7771165595493086,-10.548730548730544,0.8852650528573536,-8.83977900552486,-0.4950495049504955,2.8384279475982543,-3.889921040408728,6.686579113485558,-7.725796930342388,-0.6048700793527262,0.897170462387864,-3.295764054291217,-0.7381559522211756,-1.3062409288824406
2020-01-31,0.87448011090967,-6.976503824157653,11.594606641408522,-14.286171523676927,16.745767060030794,-10.805244731241848,-7.684003226878,1.8778373916632285,-1.9901477832512282,2.5521174160979765,0.0,-11.327638564219079,-2.8065072182719253,-7.395333393703407,-0.5703275529865159,-5.357871541663261,-8.29518403222853,-7.017602141301205,-1.9463869463869465,1.4925373134328401,-8.280254777070063,-0.7128186541017323,-1.6624816001385434,3.1843262694922103,-0.17415125721553792,-10.94391244870041,-6.866846577182795,12.249864791779341,-11.617647058823533
2020-02-29,9.567607569510518,-10.714417984519088,-11.650606620400417,-6.631814787154589,5.532055155743554,5.960902024166859,-12.370365610743427,12.973465667409357,2.9553679131483657,-7.256153144940747,-1.924134139637168,-2.195230117276037,-3.8823920634040943,-2.904266762280383,-0.19378342764126977,-2.6408830250506665,-6.190095846645372,-22.15887631044374,-10.162843218828,13.725490196078427,3.009259259259256,2.3971769286931233,-7.102814710457572,-8.114266228532452,-8.187627411008314,-6.374807987711217,-3.68720738959889,21.151529751867027,-5.15806988352745
2020-03-31,-29.370899266692398,-33.60295337647254,-32.19745132943403,-32.60478323468246,-33.20666319625195,-25.407662974396228,-27.703881857777645,-31.313312415956972,-35.96953719976567,-24.611755455081585,-33.57623318385651,0.0,-44.69655470664552,-2.9911373707533273,-4.232680956818891,-25.491021013706515,-28.02256279267773,-24.073673374379556,-27.044191585075417,-37.06896551724138,-32.58426966292135,-19.85739750445633,-24.757511611007555,-31.593596599247654,-20.8736309485685,-20.26251025430681,-12.91844027536917,-37.6814476038974,-32.80701754385965
2020-04-30,15.177595628415297,43.980758418192046,15.39423237206201,24.86425540753048,16.280882238329042,23.599006767612842,15.692320175260654,33.04620203602193,16.01097895699908,27.601043024771844,17.707454289732773,20.001511449227905,38.71337712438745,2.5054503927743443,7.631173465250174,10.410413385241757,48.80969983735029,32.52012159314657,29.688066739209297,24.657534246575352,14.666666666666671,1.4531435349940613,9.676674364896076,15.636713355691455,10.192380335653773,18.827160493827154,8.791092738711281,20.947670708359922,20.626631853785902
2020-05-31,11.706796346815329,10.8777715103918,12.643553629469118,8.11729201815461,12.5,10.54518238399118,17.351053757407865,14.351579360408074,17.192429022082024,27.44456932665782,7.8384514278886375,6.631399962214246,3.5515634395670403,0.9385233449242136,15.747438215792652,14.516042204995694,-2.8517488076311603,8.220758147445807,13.844217591945185,13.186813186813184,20.348837209302317,18.67874890382928,25.295277474683676,20.44228349647068,5.549774115745776,-2.164502164502169,16.161420052697274,13.903179000131916,19.047619047619047
2020-06-30,-0.43533658950944965,0.3795883227674768,-5.488762784136448,-8.910085935954637,-4.218051831992852,-4.796351067241567,-7.258329598087554,-13.7256584026765,2.478689995513683,-2.196744969133324,-3.4903047091412787,-13.715646901330814,-4.493158639712558,14.525569417037353,-12.36167165733628,-3.575038194852509,-5.359517234325462,-10.997904472866537,0.0,4.3689320388349495,-5.555555555555558,-0.24630541871921707,-5.750691335767655,-1.4359319393048797,-8.247111770983162,-4.424778761061942,-0.7151043407669144,-12.426172553561088,-9.818181818181815
2020-07-31,-1.322384557960965,-1.8829675256325284,-3.2972624580209664,-11.207624562673423,-1.6234372084344084,-2.518995396189694,-0.418868410877693,-9.088197275529486,-3.42563204552917,-1.1312402655955456,-5.120551090700342,-6.655410801067784,-7.79783393501805,5.855382279072474,0.0,-5.1701443057722285,-5.673835512806658,7.006576276690746,-2.616386193342346,-6.04651162790698,-7.161125319693095,0.0,-4.856619494561432,2.9137026658044185,-1.6864301787565372,-12.5,-5.057415980280167,-1.2166093626024832,1.2096774193548487
2020-08-31,22.446774019237004,28.73887476160204,11.733960079980355,23.51358695652175,21.225341426403645,13.615420058362782,13.130136543066072,18.5059608443618,18.37035358114234,13.133239366553351,13.964181994191671,8.911810715682433,25.371965544244325,-1.997406681932301,17.425536656020203,24.40942857877284,9.841888175985325,13.988366211431469,9.964682139253277,10.8910891089109,17.355371900826455,9.23456790123456,8.638168095002818,1.0298481410368376,2.8572163357679203,8.994708994709,13.084005623171514,15.595716198125832,7.569721115537842
2020-09-30,6.134157105030891,20.536403197432172,-0.36732387291221746,-2.4046817591798164,3.306733427215347,1.0070969922270967,-3.7796018762155326,9.321642824180888,10.406893250359017,7.5338951997068415,10.033977489912926,-0.7271421518021404,11.670337617936166,0.15482926554626353,36.396989056866346,-2.345089774582121,1.9818504224470734,-4.282132635175618,13.764624913971101,23.214285714285722,6.103286384976525,4.2156419529837175,1.3252199551464061,-3.8217000691085024,1.6677084635579487,1.553398058252431,9.658416396012992,1.7139548349739409,2.2222222222222143
2020-10-31,7.110187110187116,-2.4708744078863143,-5.637308964865295,5.2141568981064035,9.22906043318019,3.0012044967880014,-1.261796834361295,14.57154917686787,0.41623309053069324,15.722756082600696,3.406349512689366,53.84771894922458,1.7898672318878983,-2.9709370959581816,6.218986226406353,-2.5833615436696045,-8.284749923289347,0.5453049303446811,0.8872756604153986,-3.6231884057971064,-5.530973451327437,-2.765426743303334,-1.3078875681030167,0.661062010490765,16.392454871870534,-3.2504780114722798,-0.8262352676838836,-0.6375953546624125,-8.333333333333337
2020-11-30,12.857142857142856,12.197427146232599,8.311627596340077,8.910933516165652,15.516524150681764,7.5718694169238265,18.60738154012884,31.449414192027113,15.32815198618307,16.20141342756183,14.333706606942886,-2.381966996311702,10.793301905891205,-2.2594942209090085,7.810862731400636,3.6726538235996697,10.783985725437706,4.992363332468797,12.572456526084341,10.15037593984962,12.880562060889922,19.32857461521302,12.04773928453806,8.685487900635302,-2.440441603718768,16.10671936758894,0.18536635600638895,13.567090638249102,11.462450592885375
2020-12-31,3.309025866813431,-6.041744664919502,16.81208570988131,19.999213094113944,4.609475032010235,6.679550670370826,3.7132922155384662,61.02359997757723,7.9595657057282,16.760427753281636,13.018282729350306,9.713692196531799,2.5007178469811375,8.912006164606856,24.549467460413886,7.481040767587044,34.658747735051335,1.8274440485927856,71.94602272727273,15.358361774744033,30.70539419087137,20.17945602392748,6.127790608160133,8.352626307406851,4.137744328333959,6.382978723404253,0.5540422470062145,21.269296740994847,11.347517730496449
2021-01-31,-4.621429047079973,35.92170144941973,-16.7018581081081,-14.39391455457556,-11.719706242350059,6.091485507246386,-11.893690959815961,-18.53089643167972,-6.103481758912466,-5.547356541366433,1.9571026215064569,-3.8238320642107415,11.6077113097512,22.91825405464243,8.349861811087633,-10.256310301140237,-12.506541077969647,-17.076918100659853,-12.990499793473775,0.0,1.5873015873015817,-6.906206252916469,-5.005077614971709,4.470374299136237,-8.132812012561608,0.6399999999999961,-4.64201014066078,-7.696147766037109,2.070063694267521
2021-02-28,23.319137052293513,2.6787350214372063,9.2743979721166,4.601861427094112,22.131715771230496,21.531483457844192,17.037942336536858,18.237757456627634,12.778844733343186,16.475183823529417,17.91330216744582,5.613569574024946,1.7318881916714268,-0.7460704007084318,12.904000240074431,18.773754968181922,5.886876281613129,16.264570696727976,15.280085449798243,8.579881656804744,22.65625,10.426065162907271,5.590881323929575,8.66260516391064,9.65759239345747,7.392686804451509,1.945692141118971,33.33333333333333,3.588143525741039
2021-03-31,0.7586480212874447,0.0,-1.4904166787485185,0.8458285274894228,7.783453952036323,1.9692645444566503,0.44736092652364334,-3.639320563787496,4.971181556195958,2.6316827776681873,1.8081335976452229,2.4367511785284846,-3.9251749506549416,1.1286329266388506,8.18913962203971,-5.32484868433083,4.7607520374404855,-3.4841783299876417,-4.370206413754052,16.89373297002725,2.9299363057324834,1.0894235133908303,-3.4619683124054945,-4.232966680905593,8.166024959484709,-3.9970392301998503,-6.107383961807821,11.627906976744185,-1.5060240963855387
2021-04-30,4.051244591785141,-2.6088508208422567,-4.538898537073555,-3.8596300128896366,1.6193798959910577,4.118672895988973,-6.912072204042574,-7.3735138581555,3.2195669807200344,24.1465477471936,7.812131224923302,5.9456465841212,8.63566325815941,63.23253710933192,26.432291666666675,-8.712699179140515,-6.81660633135639,-7.166610662433515,2.6805899450963455,11.421911421911425,1.4851485148514865,-1.616524472384373,5.486094086241189,2.056007025271467,11.111005076917202,-3.7008481110254454,-4.9792809945122585,31.01986434108528,-2.1406727828746197
2021-05-31,19.483745544875262,-5.357470042874423,18.77832937621411,-5.583775515984668,30.148344885664315,21.013234077750198,-1.077438513667861,11.070170466048502,24.034334763948493,23.453999318737818,25.207968476357266,12.34660095088742,-1.7041669352932276,2.4348719057399215,9.686570934457773,8.549847664184163,-4.471813522896351,-6.942260166254776,36.192073810023075,41.42259414225941,30.975609756097565,36.68035904457629,-1.400903808908971,3.323044143356646,-10.305674605560377,-11.929543634907924,-3.208241007024659,18.290653600813545,-8.125000000000004
2021-06-30,7.818855644942602,2.6406473845200784,-2.977596635601365,7.9479999999999995,-0.7540689861131877,4.389802125696329,16.146454733223003,22.376143778936243,5.02948486768362,-2.277572929992222,14.079027887053064,1.1809540690846942,9.748578924355055,21.892890120036945,21.299248866213148,2.4636974953708313,2.5525655446915207,8.745774987928545,26.258660508083143,-9.467455621301779,-1.862197392923648,-1.8699910952804988,18.05277286715119,15.01011249322528,1.2764286808641057,10.45454545454545,1.1324614597793436,-2.1687311945605914,7.993197278911568
2021-07-31,1.2617370892018753,-22.36976121317289,-13.014395033980842,-12.50046318597844,-15.802803480528604,6.817698187949128,-3.65604462362622,-3.7147368107480094,-5.0716904087977355,-8.154726764033981,-10.000383156442771,21.267463758595007,7.96031793462022,-14.049801421970198,-0.9639117290531796,-6.385892826570794,-11.204859939250756,-5.972754127274859,-0.7286141088957976,-2.287581699346408,-3.0360531309297945,-4.764065335753176,-15.80681301372142,-8.220311709806449,-9.915378433319155,-6.995884773662553,-4.757260511486782,-9.89774724396868,-12.91338582677165
2021-08-31,-11.479074388376043,12.20175907478498,-5.232236235004617,11.54636119169119,-7.558745569884151,-0.6558783866617679,-0.22355975924334137,14.986696367799013,-3.778472969009683,4.228382985858814,-3.4569372897952255,0.7457835241431621,1.8027493311191023,0.3852739726027288,-4.972644556192951,-3.1191579289604143,10.74686431014824,-5.660204108403077,13.189816663083874,-8.528428093645491,-5.088062622309197,-2.566698427822778,1.4281761768619727,-1.7544958172619363,-1.2363819559604527,11.946902654867264,1.509462585808019,0.9841297987410291,-1.2658227848101222
2021-09-30,-1.4075944631500192,-4.904720658293638,1.2820928949333066,2.4563401670463225,-4.4009149779309915,0.6494107484420253,8.501666092152128,-7.356185761179567,-2.123444246888495,7.301246815927076,-0.18079992944393108,5.629940312953696,15.134488508663813,-2.299009155901166,-6.939896646440824,3.8215491746544483,2.531102531102536,4.266605486728126,-4.037115415920556,-6.032906764168189,2.268041237113394,21.99132082391051,-2.2134181983503254,-3.0273674013078233,-6.482465462274178,1.1067193675889264,4.289183635344673,6.979806848112369,6.593406593406592
2021-10-31,4.596120096760425,18.834111351474437,5.198051531854886,10.7866750657724,3.619452027095349,4.193167711382539,28.35040083025342,12.653926579925656,-0.5864950433383531,7.941426358138837,2.3325675914472432,5.820267426864856,2.81792135008343,7.156886658022765,17.359547751263204,4.846562556819323,5.857740585774063,2.621770295049175,-0.37037037037036535,3.5019455252918386,4.0322580645161255,7.811012575780341,0.8235809832494168,9.194752615805246,8.863636363636363,3.205629397967158,1.227623926724708,4.000820681165362,7.216494845360821
2021-11-30,0.9069472156720382,1.3221936917947374,6.98836288308049,-4.373202220884343,6.507951995316619,0.20592777818635444,-21.043729372937293,-2.513599216272655,20.78939124986947,-14.274469858320217,1.7570367812122178,-1.1264872839229056,5.706455169034785,0.6409334866781746,-2.499396109524421,0.0,6.719367588932812,-4.049848285003277,38.026050682482484,8.646616541353392,0.3875968992248069,0.557672646156715,0.9183014716538596,-1.0521120487294033,9.603340292275565,-7.196969696969702,-3.4176035485507295,-0.9232590254488082,-4.487179487179482
2021-12-31,3.6041704116483997,20.080944095619934,5.637813211845111,-8.196778650250957,3.5177720776841337,-4.221651376146784,-2.1369977532786466,-4.768075316020526,1.1497233748271052,-5.209289765055358,-0.34788511306266257,14.760093740623903,-2.1596488941033276,8.324306307807671,1.7094639890407715,-0.3699564530425081,29.629629629629626,-1.9482102468951878,-7.3336211681983565,8.996539792387548,-3.474903474903479,22.881042610222746,2.8747486879552975,-3.0731048578415243,-9.42857142857143,4.734693877551011,-1.3704653719311066,-5.03763290988013,1.0067114093959662
2022-01-31,0.14747982996443643,23.750275616593687,29.24528301886793,-2.8574694250771526,8.849557522123884,-3.7640423608024665,13.305926321409501,-15.561911638110582,0.1623792838219007,-9.051024187345092,16.612031163523344,-16.374248344768617,-2.501924557351809,-12.197802197802199,-4.622372512215045,4.080764321355357,-4.0000000000000036,-0.24655206944895758,-13.030262690805827,12.857142857142856,5.600000000000005,2.1926360525029054,12.944162436548234,-2.073527381355822,1.9978969505783484,-4.9883086515978174,-2.2155347500866895,2.3735637004109744,16.11295681063123
2022-02-28,-1.8840956340956394,-0.25326443861837244,-8.86339937434828,8.640232184178531,-10.162601626016265,4.2456961763253975,8.257390845435442,9.455059690202905,-6.796075085324227,11.846886355093345,2.0773246686867974,9.090985905972214,2.6420480427586712,-5.757196495619521,-6.387741305490868,11.052475100341908,3.2738095238095344,14.18997507615618,1.4413633000841752,-7.594936708860756,-4.545454545454541,0.713970263506547,-5.0561797752809,-3.4863302528871154,-20.618556701030933,14.930270713699745,-5.656100001266484,3.682615107324261,-4.14878397711016
2022-03-31,-2.5073941641283737,-7.087719298245609,-0.4576659038901587,4.061371841155226,-2.1116138763197623,14.684000672176477,-8.22038250937992,-0.4386755603629555,-1.5654323248043167,-4.44743180417857,-4.216738197424896,-8.846150867110225,7.205834492144736,6.374501992031867,5.294240367178604,-11.39649287196306,-8.645533141210372,-6.360648978997919,-8.095262046071827,-3.5007610350076157,-1.6865079365079416,-4.9696703939194675,-2.8402366863905293,-2.19392023798457,5.454545454545445,0.2855103497501732,3.189561435302646,-2.1058038007190527,-0.14925373134327957
2022-04-30,-1.0595426760244497,17.029662180719573,-14.367816091954023,0.9748482220294896,-14.483821263482277,-1.868897443753248,-2.1236839609219405,-15.146668276195074,-10.755638223668917,-3.9920276686792877,-9.559015720100072,-2.152337576262253,2.3320316273165,2.372034956304625,-5.352679387916847,-13.043642475402716,-17.034700315457417,1.9495613325131833,-20.120399507456565,-12.618296529968454,-11.200807265388502,-16.315465661770357,-1.461632155907433,-14.247695086018442,-1.4778325123152691,-7.544483985765127,-8.281621980252119,-1.343934135119862,-7.623318385650224
2022-05-31,-3.5147132854331575,-14.901256732495515,-5.234899328859055,-15.297533154676014,0.540540540540535,4.666883857305759,11.036815226134067,-12.654266102358003,3.157565652355143,-19.862010013432652,-6.8783287230089645,-3.1036968207515225,-2.8816461926401415,-4.878048780487809,-11.755233494363926,-8.332971376449638,3.041825095057038,-5.3049740879991925,-11.623047410249388,-19.31407942238267,-15.568181818181815,-3.721913339153604,-2.4721878862793534,10.20679608575863,-1.5000000000000013,0.7698229407236301,-3.3700693587506936,-15.528737983227659,-2.4271844660194164
2022-06-30,-4.989802210311622,-8.345053914674171,-5.099150141643061,-0.19064230231001789,-6.272401433691755,-4.985344849946827,-1.868563449118521,-10.513457388330139,-8.04626729972725,-15.047619047619044,-12.795389048991357,-0.35580171896145707,-0.7247785398905915,-4.487179487179482,-5.474452554744524,-8.410528560259657,0.36900369003689537,0.7162833745799846,-29.89263149734486,-3.803131991051456,-4.306864064602955,-16.07407053882499,-5.196451204055763,-10.775862068965514,-6.725888324873097,-0.6875477463712754,0.6972272373655164,-6.455518427042472,-5.306799336650081
2022-07-31,2.501123258948623,9.702121257710239,11.343283582089558,10.094893625668021,4.0152963671128195,-3.132592612814278,-4.392603989718868,5.983528234062874,0.6262015929689557,-3.58744394618834,5.9942040774823235,-4.570883776150813,-14.685314685314687,0.0,1.5444015444015413,1.9866007915362527,-1.8382352941176516,16.42993653901219,13.56222701387737,14.883720930232558,6.610407876230662,-2.024452658515785,-0.13368983957219305,-3.542673107890504,-12.925170068027214,-3.3076923076923115,4.250604938631519,-1.0302340028991552,-1.9264448336252182
2022-08-31,0.20455873758036258,25.170394547374485,7.238605898123329,1.2107565382698748,3.860294117647056,4.919187791508728,8.93023255813954,10.25244719216898,10.56280364648725,6.976744186046502,11.113775901765166,7.917059377945335,21.311475409836067,9.932885906040267,4.94296577946769,2.6758312831308473,4.868913857677892,4.388483448102298,12.414800389483926,0.4048582995951344,2.770448548812654,5.264379824714149,12.449799196787147,1.8363939899832982,-0.46874999999999556,-3.2617342879872724,3.709555636343298,10.796673118167078,-1.0714285714285676
2022-09-30,-9.939729756002723,-1.5218082017683265,-15.249999999999996,-8.547148822875062,-17.876106194690266,-7.044239705605849,-6.063193851409054,-20.681464174454835,-10.304137454330009,-7.826086956521738,-15.786747248003453,-13.53711790393013,-13.513513513513509,3.663003663003672,-7.427536231884058,-22.03942492959834,-11.785714285714288,-1.5428699792348066,-17.501082719792116,-16.935483870967737,-16.559691912708598,-10.713498014997791,-12.857142857142856,-16.885245901639344,-13.657770800627944,-8.799342105263152,-4.238853460247272,-15.01817666776828,1.0830324909747224
2022-10-31,0.901289869933608,-8.993814249477106,1.9174041297935096,-1.8683948155533425,6.034482758620685,-6.087006776183667,1.0000000000000009,-29.304335018901273,-14.36120438157098,-26.179245283018872,-11.502973139224936,-13.636363636363635,-19.374999999999996,-17.55005889281508,-14.481409001956946,-13.371356147021551,-16.194331983805665,0.16193565979043534,-17.67546852853168,-21.601941747572816,-24.307692307692307,-17.204965108380165,0.4098360655737654,-11.24260355029586,0.727272727272732,-2.975653742110007,8.575612091176588,-9.166666666666668,-12.142857142857144
2022-11-30,-1.3425331621737313,-1.2224938875305624,18.958031837916067,-1.5504033487086732,10.77235772357723,-1.3215384615384629,-0.8100810081008047,-1.388888888888884,-5.180614474868239,17.571884984025555,-1.6971733086190932,19.298245614035082,-14.534883720930235,-66.64285714285714,-68.76430205949657,7.900512070226773,12.56038647342994,-2.8601271167607467,18.09718148195383,23.839009287925705,5.284552845528445,6.2803013351234505,10.20408163265305,21.111111111111104,25.6317689530686,-4.275092936802971,5.477320469929192,2.752293577981657,24.186991869918707
2022-12-31,-0.9053944158308513,-0.24752475247524774,-6.082725060827254,-3.818369453044379,0.0,3.082271869786868,-7.8947368421052655,-2.8169014084507005,2.5691431670282094,-2.1739130434782594,-1.7205821695834067,-8.823529411764708,-2.7210884353741527,-40.04282655246253,-0.366300366300365,7.457627118644061,-8.58369098712446,-5.932717165015666,-8.050755939524834,12.5,-0.19305019305019266,-4.316092357358414,-1.2345679012345734,-11.926605504587151,-22.70114942528736,6.310679611650483,-6.44439526935654,6.547619047619047,-13.911620294599015
2023-01-31,18.951745267534736,5.210918114143914,16.83937823834196,8.15450643776825,11.926605504587151,8.583139235911542,4.72906403940887,21.014492753623195,16.932126098737687,22.777777777777786,14.329396246777382,8.709677419354843,8.391608391608397,1.4285714285714235,1.8382352941176405,16.08832807570979,16.4319248826291,13.241240097038375,22.03300252510423,20.444444444444443,13.733075435203101,18.76925333724513,14.874999999999993,6.041666666666656,6.13382899628252,6.210045662100461,1.3140604467805517,8.659217877094981,12.927756653992395
2023-02-28,-6.333363995952535,-1.297169811320753,-2.2172949002217335,-3.7698412698412676,-10.163934426229504,-3.593665120554934,-2.6340545625587963,-16.467065868263475,-8.57966427400667,-9.502262443438914,-11.767790654989774,-18.892185954500494,-13.978494623655912,-25.352112676056336,-27.07581227436823,1.3586956521739024,-2.4193548387096753,-0.5288618999296668,-15.509359511091859,-12.361623616236162,-9.863945578231291,-6.799234237015995,1.7410228509249226,-18.46758349705304,-7.880910683012255,-14.015477214101457,-2.075226977950717,-12.339331619537274,-10.1010101010101
2023-03-31,2.4601031180947697,-0.9557945041816063,4.761904761904767,-0.10309278350515427,6.569343065693434,-1.7381127822807874,-1.449275362318836,11.111111111111116,12.90262751159197,4.0000000000000036,5.800891530460617,-5.1219512195122,-3.6250000000000004,19.811320754716988,23.762376237623762,0.40214477211795163,9.090909090909083,-1.242011399948184,17.8095455063219,10.315789473684212,6.981132075471708,5.72488735754042,-2.2459893048128343,24.096385542168687,4.562737642585546,5.099999999999993,-1.4569536423841067,23.46041055718475,10.67415730337078
2023-04-30,-3.2013802357902854,-5.066344993968642,-5.844155844155841,-7.32714138286894,-1.1986301369863006,-2.0232318776650438,-9.019607843137257,0.3225806451612856,-2.338188588325485,4.086538461538458,1.0954440761755002,-6.041131105398456,1.6861219195849486,12.598425196850393,13.199999999999989,0.0,-0.7575757575757569,-6.875707110180751,0.23205221174764645,-3.435114503816794,4.056437389770728,7.207320130358497,-0.9846827133479175,-3.8834951456310662,-5.272727272727273,-7.706945765937201,-5.913978494623651,-5.463182897862229,-6.2605752961082946
2023-05-31,4.960887216556098,-0.8894536213468918,1.1494252873563315,-3.11804008908686,-2.9462738301559765,8.516673169853227,0.0,17.041800643086823,3.167928231006445,-2.0785219399538146,0.8112913980884651,-1.5047879616963078,0.0,-5.594405594405593,3.180212014134276,0.1335113484646211,4.198473282442738,-8.139896585926998,7.422948922008388,9.486166007905128,1.5254237288135686,5.039167543551981,3.8674033149171283,8.080808080808088,-0.19193857965451588,0.5154639175257714,-5.571428571428571,-3.015075376884424,-2.166064981949456
2023-06-30,4.009433962264142,1.538461538461533,-1.477272727272727,1.379310344827589,5.35714285714286,2.2583634125765917,0.21551724137931494,6.593406593406592,1.0869565217391353,23.349056603773576,11.34384301620548,4.444444444444451,10.459183673469386,10.000000000000009,15.068493150684926,-0.40000000000000036,-1.831501831501836,-1.8618142785948866,15.840517241379315,7.581227436823101,8.013355592654413,0.17809439002671734,6.382978723404253,2.8037383177569986,-1.9230769230769273,-3.2820512820512793,7.413010590015134,2.849740932642497,-1.1070110701106972
